用户ID,注册时长,最近活跃天数,活跃频率,访问时长,使用功能数,累计消费金额,最近消费金额,消费频率,客单价,评论数,分享数,点赞数,反馈次数,客服咨询次数,投诉次数,评分均值,是否流失
1,95,17.26,2.91,2.01,8.14,265.31,14.4,1.07,26.47,5,1,16,2,3.0,0,3.93,0
2,775,15.37,8.89,15.17,6.77,131.66,4.66,1.8,13.31,12,7,48,1,,0,5.0,0
3,656,8.47,7.43,5.24,5.12,0.0,0.0,1.05,0.0,7,2,42,1,4.0,1,3.29,1
4,442,7.12,2.51,9.69,6.49,1433.01,244.52,0.0,0.0,5,3,16,2,2.0,1,3.49,1
5,436,21.4,10.42,11.31,3.67,102.43,15.66,2.61,6.79,20,8,48,0,,1,5.0,0
6,859,18.37,7.51,10.98,4.04,601.01,88.04,1.87,87.67,11,4,41,0,0.0,0,4.77,0
7,92,10.84,5.77,10.3,4.27,0.0,0.0,1.25,0.0,8,2,23,0,0.0,0,3.85,0
8,699,22.25,9.93,13.54,1.49,92.12,5.62,0.54,25.35,18,6,55,0,0.0,0,3.66,0
9,207,18.26,6.21,10.29,6.92,0.0,0.0,0.0,0.0,9,4,38,1,1.0,0,3.33,0
10,100,11.4,5.73,4.73,7.58,1138.53,10.61,1.85,85.84,7,2,30,1,1.0,0,4.3,0
11,529,1.43,4.08,18.18,3.8,300.82,57.49,3.37,12.79,7,4,17,0,1.0,0,4.65,0
12,975,2.94,7.31,18.02,5.9,332.34,42.58,1.82,21.66,8,2,51,0,2.0,0,5.0,0
13,737,7.02,7.04,18.56,4.67,1318.98,86.51,0.08,0.0,9,4,34,1,1.0,0,3.21,0
14,762,9.94,5.84,4.26,5.86,1032.21,15.76,1.85,117.83,6,7,51,3,3.0,1,3.17,1
15,719,26.29,3.75,15.29,3.94,617.26,98.24,1.54,41.46,4,2,29,3,3.0,0,4.18,1
16,787,11.84,6.14,17.56,3.43,0.0,0.0,2.55,0.0,4,3,34,3,4.0,0,5.0,0
17,516,11.57,5.62,7.31,7.3,0.0,0.0,2.27,0.0,5,2,28,1,0.0,0,4.74,0
18,134,13.41,2.33,13.56,5.07,0.0,0.0,0.0,0.0,3,1,17,0,0.0,0,4.46,0
19,840,7.58,1.97,12.8,9.24,585.09,117.55,2.2,60.76,2,2,13,1,1.0,0,3.58,0
20,454,5.72,7.27,24.55,5.29,228.5,37.86,0.5,54.16,8,4,33,0,0.0,0,3.08,0
21,503,22.01,0.0,25.05,3.35,0.0,0.0,0.04,0.0,3,0,6,0,2.0,1,3.92,1
22,375,3.32,6.33,3.51,7.65,84.04,12.03,1.39,6.17,13,5,44,5,6.0,0,4.2,1
23,188,4.89,4.56,28.46,6.46,0.0,0.0,2.05,0.0,9,3,20,0,2.0,1,3.75,0
24,927,11.27,9.2,8.01,6.65,132.54,27.07,0.0,0.0,14,9,57,2,2.0,0,4.04,0
25,783,23.81,4.52,19.38,7.58,0.0,,2.38,0.0,4,7,21,1,2.0,0,3.84,0
26,646,8.01,7.51,19.32,3.89,,39.84,2.44,34.14,7,3,57,2,2.0,1,3.36,1
27,406,7.17,4.77,7.53,4.95,338.73,27.11,1.65,27.7,5,4,19,2,1.0,1,4.66,0
28,824,10.76,6.1,16.46,4.86,2468.81,444.87,0.65,532.27,10,2,33,1,2.0,1,3.41,0
29,548,16.34,7.72,12.85,2.62,691.88,98.12,0.52,391.42,9,4,40,0,0.0,0,4.1,0
30,447,9.47,4.6,16.83,4.67,14.3,0.24,2.73,1.73,5,5,19,0,0.0,0,4.23,0
31,454,25.94,8.39,14.88,7.87,664.22,20.78,0.0,0.0,10,3,39,0,0.0,0,4.64,0
32,232,26.7,3.22,20.68,5.67,0.0,0.0,2.77,0.0,11,1,25,1,1.0,0,3.78,1
33,98,11.27,6.57,13.95,2.51,0.0,0.0,1.42,0.0,5,5,37,0,1.0,1,4.44,0
34,557,42.5,8.2,12.49,2.09,312.92,65.53,1.49,22.4,14,5,34,1,0.0,0,3.93,1
35,888,13.18,7.52,20.08,8.53,0.0,0.0,0.0,0.0,4,5,36,0,0.0,0,4.16,0
36,70,26.08,10.78,16.98,5.02,138.71,23.93,1.44,11.24,13,5,55,3,,0,5.0,0
37,859,16.01,3.82,17.89,3.91,0.0,0.0,2.27,0.0,6,1,19,1,2.0,2,3.02,1
38,828,15.79,2.21,9.51,4.65,196.44,13.64,0.13,0.0,6,3,14,2,2.0,0,4.65,1
39,281,2.56,3.21,7.23,2.25,,0.0,2.15,0.0,5,3,20,2,0.0,0,4.8,0
40,634,4.5,7.52,10.09,8.05,366.62,80.42,1.7,23.87,16,4,31,0,0.0,0,4.42,0
41,171,9.87,7.09,9.78,4.41,161.3,1.07,0.89,22.07,10,5,37,1,0.0,0,4.19,0
42,759,26.56,6.07,18.22,7.93,1386.58,182.22,2.54,66.55,7,8,18,0,1.0,1,5.0,0
43,702,16.18,2.88,19.36,5.3,156.15,22.34,0.0,0.0,5,3,12,0,0.0,1,3.89,0
44,359,9.94,7.79,12.57,8.06,0.0,0.0,1.98,0.0,8,3,36,1,2.0,0,4.36,0
45,74,19.5,2.62,22.09,5.71,65.17,3.67,3.38,2.88,2,1,16,2,0.0,0,4.06,0
46,970,25.89,8.81,21.71,6.91,0.0,0.0,3.18,0.0,10,4,45,1,1.0,0,4.33,0
47,449,12.56,13.23,14.96,6.64,355.55,16.93,2.03,28.35,11,2,72,1,2.0,0,4.78,0
48,893,14.79,6.75,8.57,6.45,477.67,87.12,1.27,43.39,10,2,35,0,1.0,1,3.75,0
49,680,13.41,7.32,22.95,5.9,4515.68,217.68,0.9,800.0,15,2,38,2,2.0,0,3.09,0
50,779,11.96,4.52,13.13,4.73,0.0,0.0,1.27,0.0,5,2,30,0,0.0,1,4.18,0
51,761,6.37,1.09,14.26,9.03,58.65,10.11,2.2,3.98,2,2,8,1,0.0,0,3.66,0
52,200,5.93,4.23,11.46,3.39,0.0,0.0,0.71,0.0,5,2,25,0,1.0,1,4.31,0
53,368,19.42,2.96,8.16,5.21,248.75,13.02,2.43,10.39,8,0,23,2,4.0,0,4.25,1
54,470,26.23,2.04,4.69,5.23,340.93,58.44,3.95,28.43,3,2,14,3,0.0,0,4.77,0
55,501,9.93,10.28,17.3,6.0,132.46,2.51,1.53,10.77,8,6,47,1,3.0,0,3.73,0
56,50,9.74,6.51,8.8,4.34,945.51,39.68,0.12,0.0,11,2,30,1,0.0,0,3.96,0
57,549,1.83,6.79,31.86,5.83,0.0,0.0,0.12,0.0,7,7,47,0,0.0,0,4.06,0
58,160,1.43,5.0,6.98,4.86,831.58,170.17,2.45,59.75,11,0,30,1,0.0,0,3.43,0
59,745,30.9,5.35,5.96,2.04,441.25,54.54,1.53,90.13,3,7,21,0,0.0,0,4.86,1
60,685,6.75,8.31,16.56,5.22,148.6,12.67,2.56,18.17,13,10,44,1,1.0,0,3.36,0
61,923,53.63,5.72,22.68,3.0,44.44,9.56,1.01,6.38,8,5,28,2,3.0,0,4.85,1
62,746,7.83,7.18,13.89,1.73,4317.26,440.43,2.51,173.36,7,5,37,3,0.0,1,4.13,0
63,371,2.66,5.29,16.93,5.47,0.0,0.0,1.43,0.0,8,3,30,1,1.0,0,4.14,0
64,967,13.49,4.91,2.44,6.18,293.45,26.58,0.79,68.92,6,4,22,0,1.0,0,4.44,0
65,414,21.83,2.14,9.43,6.25,0.0,0.0,1.16,0.0,2,2,10,1,0.0,0,4.42,0
66,330,20.15,0.66,7.06,6.33,2155.76,,0.28,800.0,3,3,6,0,0.0,0,4.03,0
67,906,23.36,5.12,2.13,1.33,729.29,110.36,3.79,28.93,6,3,24,2,1.0,1,4.06,1
68,374,5.26,5.95,14.2,2.48,0.0,0.0,1.49,0.0,12,3,35,0,1.0,0,4.65,0
69,82,30.41,,1.0,9.15,423.57,63.54,2.31,38.56,6,3,15,0,0.0,0,,1
70,473,31.61,5.71,5.57,3.11,272.01,12.04,1.01,36.99,6,4,27,0,0.0,0,4.44,1
71,797,32.54,5.94,10.28,6.42,0.0,0.0,0.44,0.0,5,3,29,2,4.0,0,2.81,1
72,195,15.17,0.19,8.51,3.83,611.06,19.7,1.34,151.36,2,1,2,1,1.0,0,3.19,1
73,466,9.31,3.42,15.88,5.36,345.44,42.01,2.81,26.7,0,3,24,1,2.0,0,4.56,0
74,136,8.64,6.86,15.33,3.93,250.55,40.2,1.03,54.57,9,2,39,1,2.0,0,4.02,0
75,688,2.64,6.81,18.86,6.32,136.87,10.68,0.64,55.09,6,1,42,1,0.0,0,3.78,0
76,479,7.98,2.8,18.01,5.47,370.83,13.33,1.77,50.3,4,2,28,1,1.0,0,4.22,0
77,334,0.7,6.21,20.34,4.3,257.44,12.83,2.15,16.23,9,7,35,1,4.0,1,3.68,1
78,232,2.25,8.46,13.49,3.1,177.99,32.04,3.41,14.05,9,7,35,3,1.0,0,3.71,0
79,567,15.05,7.82,15.32,5.74,0.0,0.0,1.99,0.0,7,2,46,0,0.0,1,3.0,0
80,672,10.2,5.55,16.57,2.77,1944.62,331.43,2.31,91.48,8,1,44,0,0.0,1,2.82,0
81,940,14.57,4.58,14.35,6.05,0.0,0.0,2.39,0.0,7,6,27,1,1.0,0,4.66,0
82,441,20.67,4.16,11.12,10.45,368.71,15.31,0.33,145.86,4,2,23,2,3.0,0,4.02,0
83,166,16.61,7.02,11.51,7.9,42.88,6.86,0.54,18.11,11,5,41,0,0.0,0,4.78,0
84,833,15.6,6.31,8.59,6.64,2093.84,215.83,0.41,800.0,9,4,34,2,0.0,1,3.66,0
85,632,11.68,7.44,16.03,5.03,0.0,0.0,0.13,0.0,13,4,37,1,0.0,0,4.45,0
86,702,6.53,6.14,12.94,1.32,0.0,0.0,2.48,0.0,12,6,26,1,2.0,2,3.48,1
87,103,3.91,7.93,9.52,2.56,0.0,0.0,1.92,0.0,10,3,52,1,0.0,0,4.27,0
88,317,8.16,6.05,9.53,7.77,307.5,23.91,1.69,32.12,8,6,33,0,0.0,1,3.95,0
89,769,11.83,7.84,6.24,3.62,0.0,0.0,0.0,0.0,8,4,41,0,0.0,1,3.65,0
90,833,13.0,8.06,19.37,3.8,0.0,0.0,3.86,0.0,9,4,46,0,0.0,0,3.57,0
91,439,23.4,3.71,13.97,4.87,0.0,0.0,0.62,0.0,10,7,26,2,0.0,0,4.67,1
92,806,11.02,1.1,8.32,3.08,263.07,0.35,3.86,6.92,3,0,10,0,0.0,0,5.0,0
93,842,18.6,9.81,18.35,2.75,0.0,0.0,0.01,0.0,8,7,52,1,0.0,0,5.0,0
94,391,3.07,6.47,10.14,5.1,0.0,0.0,0.71,0.0,5,3,29,0,2.0,0,3.95,0
95,898,15.21,1.34,5.06,3.42,944.65,197.57,0.0,0.0,5,2,6,0,0.0,0,3.85,0
96,293,14.43,3.94,19.63,3.72,0.0,0.0,2.0,0.0,8,1,18,2,1.0,0,3.95,0
97,244,30.41,7.81,10.28,3.64,645.11,131.68,0.39,292.27,3,4,37,6,3.0,0,4.15,1
98,684,10.21,5.07,11.05,6.24,0.0,0.0,0.42,0.0,9,5,24,0,1.0,0,4.22,0
99,639,9.87,4.47,13.75,4.74,1751.34,137.67,0.09,0.0,8,4,31,2,2.0,1,3.35,1
100,145,20.77,9.44,20.36,4.84,603.67,58.82,2.46,34.69,12,9,47,0,1.0,0,3.44,0
101,833,4.22,3.08,13.62,6.39,0.0,0.0,2.38,0.0,7,5,18,0,0.0,0,4.28,0
102,205,14.92,3.72,6.31,4.92,0.0,0.0,3.59,0.0,3,0,20,1,0.0,1,1.96,1
103,806,4.01,6.35,16.76,4.64,489.17,78.74,0.85,187.41,6,2,41,0,2.0,0,4.19,0
104,14,39.73,6.82,10.59,6.14,60.33,1.22,1.84,6.67,6,9,33,1,3.0,0,3.73,1
105,798,8.83,7.09,24.83,6.54,90.58,16.54,0.18,0.0,13,5,42,0,0.0,0,4.68,0
106,788,3.75,8.17,13.49,4.91,1189.77,53.45,1.23,171.38,14,8,36,0,0.0,0,4.83,0
107,781,8.11,6.32,1.0,5.36,0.0,0.0,1.03,0.0,6,3,38,0,0.0,0,4.84,0
108,667,14.99,7.07,15.64,3.64,191.99,6.57,2.11,11.32,7,9,31,1,0.0,0,4.06,0
109,475,18.18,5.13,25.17,3.48,797.99,22.68,2.72,30.47,8,4,22,1,2.0,0,3.63,0
110,707,29.35,5.96,22.96,6.74,656.07,117.18,2.69,40.72,7,3,29,0,0.0,1,3.45,1
111,282,7.29,6.08,24.49,6.09,93.91,16.91,0.67,17.54,5,3,25,2,0.0,0,4.41,0
112,782,21.44,6.36,7.38,6.11,52.2,8.48,2.7,2.53,10,4,39,0,1.0,0,3.34,0
113,558,2.25,7.81,18.97,5.76,0.0,0.0,1.55,0.0,7,12,33,1,2.0,0,5.0,0
114,462,4.92,7.24,9.17,5.29,0.0,0.0,1.24,0.0,5,6,30,0,1.0,0,4.07,0
115,509,3.16,,14.85,6.59,304.66,55.41,0.82,55.34,5,6,30,3,0.0,1,4.18,0
116,571,6.2,3.7,5.86,7.07,101.47,7.86,0.98,12.02,7,2,28,3,2.0,1,2.92,1
117,44,20.76,5.98,9.63,7.02,184.82,21.85,3.52,8.43,6,6,34,0,0.0,0,3.74,0
118,145,7.45,5.73,9.44,5.0,890.54,87.3,1.94,100.01,9,7,33,0,1.0,1,2.85,1
119,250,8.7,6.3,18.89,7.97,0.0,0.0,1.79,0.0,9,5,31,1,0.0,0,4.81,0
120,120,15.29,11.54,18.3,5.66,68.56,8.67,1.31,13.72,13,4,57,0,1.0,0,4.16,0
121,443,17.64,4.44,15.16,6.46,237.22,39.01,4.29,5.7,5,3,28,0,0.0,0,4.56,0
122,670,8.92,6.9,5.4,5.76,0.0,0.0,3.04,0.0,4,9,30,0,0.0,0,4.28,0
123,656,4.89,8.58,11.63,5.69,1438.3,294.8,0.81,200.92,7,5,50,1,,0,4.51,0
124,474,35.49,6.05,9.02,3.73,750.83,87.61,1.3,67.49,5,2,33,0,0.0,0,4.06,0
125,856,8.97,11.88,18.72,6.6,289.23,11.34,1.36,47.56,15,3,56,2,2.0,0,4.14,0
126,568,9.73,4.82,20.57,10.89,2176.56,309.31,1.76,166.44,3,3,24,1,1.0,0,4.2,0
127,85,10.75,6.64,19.84,4.45,0.0,0.0,0.83,0.0,3,3,24,0,0.0,0,4.47,0
128,766,18.99,3.72,8.97,5.34,150.32,2.1,2.08,8.78,8,4,16,0,0.0,0,4.49,0
129,577,2.9,4.89,1.0,4.31,331.92,50.04,3.2,21.18,6,6,27,2,0.0,0,5.0,0
130,637,44.77,6.45,2.9,4.22,0.0,0.0,0.16,0.0,6,5,35,4,2.0,0,5.0,1
131,568,9.51,8.0,22.03,8.29,294.96,6.89,0.36,155.1,13,3,38,3,2.0,0,3.27,0
132,556,19.45,6.63,11.09,3.85,0.0,0.0,1.07,0.0,5,4,47,1,1.0,0,4.17,0
133,96,3.79,9.07,9.0,4.25,554.77,6.74,1.12,70.63,12,11,45,0,1.0,0,4.03,0
134,562,14.16,5.55,23.36,2.03,911.93,162.46,3.8,27.1,8,5,25,1,1.0,0,4.95,0
135,796,40.29,4.94,21.09,3.68,279.71,48.99,2.7,12.35,7,5,20,0,0.0,0,4.08,1
136,308,36.6,12.83,13.65,1.78,0.0,0.0,2.64,0.0,22,7,63,0,0.0,0,4.51,0
137,605,19.09,6.83,11.74,6.46,0.0,0.0,1.31,0.0,14,9,28,2,3.0,0,2.96,1
138,37,5.83,3.93,12.71,10.8,459.61,9.77,1.29,56.3,3,5,21,0,1.0,0,3.42,0
139,352,28.3,3.99,14.86,4.47,162.07,22.55,0.0,0.0,3,3,23,0,0.0,0,5.0,0
140,440,2.23,3.35,23.1,1.87,0.0,0.0,2.46,0.0,14,4,21,0,1.0,1,3.93,0
141,982,5.64,8.24,16.03,7.0,1148.05,238.55,2.14,174.64,11,6,45,0,0.0,1,3.35,0
142,220,11.73,4.85,17.86,3.75,212.5,9.71,3.01,13.11,6,3,23,2,0.0,0,4.38,0
143,281,2.47,6.13,20.52,7.8,0.0,0.0,1.37,0.0,10,6,27,2,0.0,0,3.67,0
144,412,8.09,5.63,6.48,4.64,841.12,23.74,1.44,83.17,7,7,25,0,1.0,0,4.09,0
145,992,21.74,7.7,18.03,3.94,0.0,0.0,1.79,0.0,6,3,44,0,0.0,0,3.45,0
146,854,6.78,3.6,11.73,4.84,0.0,0.0,2.58,0.0,5,2,26,0,0.0,0,3.82,0
147,41,22.46,3.0,1.0,6.72,327.29,41.27,0.0,0.0,2,1,23,2,1.0,0,4.02,0
148,239,52.67,6.38,1.0,4.75,2144.76,471.31,2.41,118.84,8,4,37,1,0.0,0,4.87,1
149,822,16.64,7.36,7.39,4.21,1795.89,10.24,1.58,163.17,4,6,46,1,1.0,1,4.16,1
150,64,22.19,6.66,16.69,4.8,328.08,0.02,0.44,140.49,8,4,48,1,1.0,0,4.6,0
151,856,28.96,3.7,14.18,2.66,390.59,30.11,0.0,0.0,6,2,28,0,,2,,1
152,286,8.74,7.56,14.61,5.99,640.25,51.57,1.45,45.5,10,4,32,0,0.0,0,4.7,0
153,918,21.83,3.87,25.21,1.63,0.0,0.0,3.19,0.0,5,0,20,1,2.0,0,,1
154,298,8.56,4.44,5.89,4.31,518.28,104.05,3.44,19.42,8,2,30,1,1.0,1,3.5,1
155,438,15.79,3.35,13.34,6.72,,0.0,1.99,0.0,5,3,23,1,0.0,0,4.47,0
156,664,24.17,9.18,15.33,5.81,304.73,9.6,3.76,9.38,6,0,54,1,0.0,0,4.1,0
157,132,6.08,7.45,9.08,6.38,71.35,6.47,1.55,4.95,7,4,43,0,0.0,0,4.24,0
158,560,0.81,7.37,13.67,5.07,415.95,68.25,2.65,27.65,8,2,36,2,4.0,0,4.16,0
159,508,5.57,9.04,3.9,7.54,204.0,14.03,1.1,23.61,11,6,32,0,1.0,0,4.94,0
160,785,26.67,13.11,21.96,7.05,0.0,0.0,1.03,0.0,12,15,56,0,1.0,0,4.97,0
161,996,4.94,1.36,9.41,6.09,232.46,12.13,0.85,35.96,2,1,14,1,0.0,1,3.56,0
162,666,25.66,3.88,25.69,7.06,516.74,36.77,0.0,0.0,7,3,18,0,0.0,0,3.28,0
163,413,5.59,4.2,13.31,6.7,380.13,71.96,3.02,41.36,2,2,23,0,1.0,0,3.86,0
164,410,10.48,3.59,19.67,4.32,114.09,6.29,0.89,13.17,11,4,23,3,0.0,0,3.76,0
165,422,12.37,3.0,13.18,2.51,1834.24,389.14,0.72,281.21,3,2,18,1,0.0,0,4.71,0
166,815,4.92,5.02,13.32,6.04,300.8,20.27,0.3,197.77,10,1,24,1,2.0,2,4.06,0
167,325,10.57,2.64,10.0,6.29,374.95,1.94,1.38,27.31,0,4,14,0,0.0,0,3.68,0
168,172,2.65,6.67,14.21,7.38,896.53,50.28,3.54,48.52,6,5,36,1,1.0,1,3.49,0
169,338,9.4,5.93,15.41,3.33,329.75,12.42,3.9,13.6,16,1,32,2,0.0,0,3.44,0
170,29,11.59,7.05,8.79,3.39,0.0,0.0,0.0,0.0,9,5,35,0,0.0,0,4.32,0
171,112,0.87,7.12,12.75,6.12,0.0,0.0,1.21,0.0,4,7,46,1,2.0,1,3.88,0
172,96,5.52,7.37,9.84,5.06,0.35,0.05,0.46,0.12,6,3,37,1,0.0,2,3.98,0
173,773,15.44,4.83,27.3,1.43,613.46,118.08,2.69,29.81,12,2,22,1,1.0,0,4.52,0
174,724,4.39,11.31,12.96,5.95,33.41,2.66,1.92,4.46,9,1,51,0,1.0,0,4.59,0
175,698,17.36,6.41,22.77,1.5,648.91,24.05,0.9,121.08,9,3,35,1,3.0,0,3.4,1
176,465,18.6,0.96,12.33,3.31,218.12,19.2,1.68,25.14,2,2,10,0,2.0,1,3.56,1
177,719,15.39,3.19,15.06,7.9,1212.74,209.7,1.07,145.82,3,2,20,0,0.0,0,4.77,0
178,167,21.64,1.27,5.57,8.85,50.3,6.55,3.38,3.77,1,1,18,3,5.0,0,3.95,1
179,901,2.46,5.85,10.82,2.77,393.95,8.77,2.2,38.65,7,3,33,0,0.0,0,3.35,0
180,504,24.92,5.48,14.76,4.54,419.07,49.53,2.34,22.47,7,4,29,1,3.0,2,3.99,1
181,938,4.99,4.58,23.02,5.29,1560.94,160.74,0.0,0.0,10,2,21,0,0.0,0,3.93,0
182,158,13.48,11.03,14.83,8.76,0.0,0.0,1.53,0.0,12,5,59,0,1.0,1,4.48,0
183,500,39.23,7.23,21.8,4.21,5.08,0.12,3.89,0.16,14,8,41,2,5.0,1,3.89,1
184,698,9.24,7.69,17.34,4.25,692.48,149.47,3.06,27.09,7,5,35,0,1.0,2,3.4,1
185,499,12.61,3.38,23.26,8.3,1642.96,63.63,0.0,0.0,5,3,19,2,1.0,0,5.0,0
186,450,5.02,3.2,13.15,4.45,262.9,,1.26,23.36,3,0,23,0,1.0,0,3.53,0
187,172,38.98,5.9,27.84,6.64,51.06,1.64,0.28,22.74,7,4,24,3,4.0,1,4.69,1
188,385,5.54,6.25,10.59,2.25,610.16,76.54,3.48,32.6,8,5,32,1,0.0,0,3.9,0
189,244,19.77,0.97,8.9,4.86,711.7,69.47,1.87,45.63,3,1,13,0,0.0,0,4.34,0
190,306,28.92,5.33,6.24,1.88,31.56,1.73,0.76,5.16,4,2,27,1,2.0,0,4.34,1
191,685,21.12,5.84,27.49,3.09,311.33,29.41,1.64,26.38,7,7,29,0,0.0,0,4.02,0
192,632,16.1,5.24,18.42,6.88,1063.6,157.6,0.0,0.0,10,2,24,0,0.0,0,3.83,0
193,609,13.33,3.69,11.5,5.1,2421.67,150.08,0.41,731.52,5,2,23,0,2.0,2,3.35,1
194,366,3.75,4.4,20.99,4.56,597.77,120.36,1.64,36.47,6,4,34,1,0.0,0,3.69,0
195,959,37.83,5.34,17.63,3.7,171.63,11.57,2.53,9.62,8,5,22,1,0.0,0,5.0,0
196,94,15.14,6.04,25.3,4.76,132.19,5.76,0.0,0.0,5,1,30,1,3.0,0,3.99,0
197,347,12.62,7.37,4.21,5.8,454.44,95.43,1.18,46.88,10,6,34,1,1.0,0,4.89,0
198,124,4.62,8.61,11.91,7.17,109.36,19.5,2.71,4.49,11,5,54,1,0.0,0,4.81,0
199,343,13.09,5.03,10.72,1.0,237.67,17.94,0.0,0.0,7,2,30,1,2.0,1,4.1,1
200,962,12.01,4.61,1.66,3.54,,0.0,1.85,0.0,10,5,31,0,0.0,0,4.18,1
201,370,39.23,6.94,19.86,5.52,1225.95,139.93,1.67,176.27,13,5,38,3,2.0,0,4.36,1
202,909,12.61,7.39,11.88,5.0,0.0,0.0,3.49,0.0,9,4,26,2,2.0,1,4.21,1
203,498,12.93,4.67,17.94,6.01,11.88,2.19,1.35,1.44,7,5,26,1,2.0,1,3.96,1
204,701,4.68,7.86,27.66,5.74,194.79,32.23,1.41,19.73,7,4,38,0,1.0,1,3.04,0
205,461,6.58,8.35,11.38,4.59,2704.21,177.21,2.54,123.97,8,1,50,1,0.0,0,3.25,0
206,271,18.13,9.16,10.97,4.15,14.36,1.92,0.14,0.0,11,4,55,0,0.0,0,5.0,0
207,765,1.95,10.42,14.21,4.71,0.0,0.0,1.36,0.0,12,7,47,0,0.0,0,2.8,0
208,969,24.83,3.55,19.42,7.5,0.0,0.0,1.1,0.0,6,2,24,1,3.0,0,4.36,0
209,268,25.3,5.84,10.1,3.74,1869.42,395.57,1.45,295.08,6,7,42,0,0.0,0,4.12,0
210,780,5.97,5.83,9.71,5.07,0.0,0.0,2.53,0.0,8,4,32,0,1.0,0,4.34,0
211,266,16.14,5.55,19.84,5.57,,0.0,2.21,0.0,3,4,29,0,0.0,0,3.62,0
212,718,29.57,4.11,15.77,8.32,5943.7,784.43,0.78,800.0,7,8,19,0,0.0,0,4.44,0
213,790,11.26,1.94,1.23,4.6,478.42,57.96,1.75,40.09,5,0,13,0,0.0,0,4.36,0
214,453,9.66,6.04,6.15,7.12,0.0,0.0,3.24,0.0,9,2,39,0,0.0,0,5.0,0
215,738,10.64,3.8,22.51,7.66,136.87,29.25,0.69,26.46,9,1,24,2,,0,4.32,0
216,277,15.11,6.02,15.91,5.07,181.58,24.83,1.76,18.73,8,6,31,0,0.0,0,4.99,0
217,85,7.35,3.74,8.93,4.78,690.23,101.88,1.39,163.63,4,1,24,0,0.0,0,3.43,0
218,102,9.0,2.94,12.48,4.54,2288.94,229.02,1.53,392.65,9,3,17,0,0.0,0,4.81,0
219,450,15.34,6.41,13.58,4.69,344.99,21.85,0.0,0.0,11,8,35,1,1.0,0,4.37,0
220,903,8.4,6.19,17.91,6.91,0.0,0.0,3.15,0.0,9,2,28,1,0.0,0,4.4,0
221,133,4.29,7.31,5.35,5.66,636.33,49.03,0.75,161.2,10,1,38,0,0.0,0,4.41,0
222,459,1.75,11.48,8.45,5.67,0.0,0.0,2.73,0.0,12,6,61,2,2.0,0,5.0,0
223,706,12.8,6.52,15.14,2.95,0.0,0.0,0.92,0.0,10,3,35,1,3.0,2,3.69,1
224,207,28.33,7.06,12.9,3.27,0.0,0.0,0.91,0.0,9,7,39,1,2.0,0,3.82,1
225,723,16.74,3.0,16.93,9.49,0.0,0.0,2.93,0.0,5,3,18,1,1.0,0,3.91,0
226,310,4.45,2.45,6.12,4.84,0.0,0.0,2.69,0.0,3,1,9,1,3.0,1,4.35,1
227,810,6.54,9.92,15.64,3.65,0.0,0.0,1.83,0.0,8,3,56,1,1.0,0,4.5,0
228,582,9.6,3.4,20.05,8.06,301.83,9.91,2.44,25.67,4,2,24,0,0.0,0,3.41,0
229,550,40.07,3.09,16.42,5.76,0.0,0.0,1.28,0.0,5,3,26,1,0.0,1,4.18,1
230,182,41.51,5.7,14.33,6.36,0.0,0.0,1.59,0.0,15,8,22,1,2.0,0,3.65,1
231,466,38.33,5.57,12.92,4.92,0.0,0.0,0.87,0.0,4,3,30,1,2.0,0,4.49,1
232,857,13.81,3.45,8.49,4.56,1.68,0.06,2.59,0.1,7,7,17,2,1.0,1,3.46,1
233,26,60.0,5.01,13.07,4.86,0.0,0.0,0.84,0.0,6,3,32,1,2.0,0,4.1,1
234,760,6.83,9.0,21.06,2.43,1593.69,86.64,3.23,71.66,9,4,50,0,0.0,1,3.6,0
235,496,9.31,3.7,12.79,5.02,0.0,0.0,1.25,0.0,3,3,14,0,0.0,0,5.0,0
236,721,23.52,2.18,8.16,5.79,723.52,24.86,1.62,52.02,3,5,21,3,0.0,0,4.47,1
237,665,15.4,8.25,10.55,8.9,145.84,6.23,2.43,6.18,12,5,38,0,1.0,0,4.94,0
238,436,16.05,7.08,14.71,5.37,136.72,26.45,1.63,21.48,11,6,40,1,3.0,0,5.0,0
239,313,5.2,4.19,11.26,1.0,0.0,0.0,1.27,0.0,3,5,21,2,3.0,0,4.28,0
240,629,11.94,1.69,16.41,5.01,130.4,0.54,1.57,10.49,5,4,7,0,0.0,0,5.0,0
241,146,6.92,3.86,16.64,10.68,0.0,0.0,2.58,0.0,4,2,17,3,6.0,2,3.17,1
242,587,3.49,5.66,18.83,6.93,228.2,43.31,0.87,46.62,7,2,29,0,0.0,0,4.94,0
243,101,7.65,8.83,22.04,3.58,68.54,4.92,1.46,8.68,6,7,45,3,0.0,1,3.46,0
244,652,15.4,3.1,19.48,6.38,0.0,0.0,1.61,0.0,7,0,17,1,1.0,0,4.24,0
245,631,20.91,5.58,7.89,3.72,837.78,181.04,2.55,33.25,7,1,35,0,1.0,0,4.55,0
246,90,1.67,7.56,8.08,2.49,368.22,54.82,1.49,34.1,13,3,46,4,4.0,2,3.93,1
247,759,12.38,0.0,13.05,4.5,7.74,1.45,3.59,0.37,2,0,4,2,3.0,0,3.55,0
248,419,11.53,8.49,10.79,5.38,216.61,35.84,1.43,22.29,5,6,35,2,1.0,0,3.77,0
249,788,14.81,2.73,6.67,1.46,120.99,18.59,1.34,27.53,9,6,16,1,1.0,0,4.59,0
250,48,4.53,6.66,10.85,2.9,0.0,0.0,1.41,0.0,7,5,29,0,1.0,0,4.05,0
251,185,4.62,6.44,10.65,5.22,182.9,13.05,0.15,0.0,8,4,37,0,1.0,0,3.48,0
252,497,28.84,8.62,9.47,4.38,0.0,0.0,0.46,0.0,11,6,56,3,1.0,0,4.21,0
253,193,6.04,7.23,11.61,5.99,0.0,0.0,1.02,0.0,14,1,42,0,0.0,0,4.18,0
254,334,8.95,0.0,20.57,2.77,0.0,0.0,2.85,0.0,0,0,7,3,3.0,1,4.0,1
255,662,9.72,3.76,14.7,6.63,31.85,3.99,1.56,2.83,5,3,30,2,1.0,1,4.19,0
256,150,7.03,6.16,28.33,2.83,461.21,29.89,1.07,49.65,3,4,31,2,3.0,2,3.81,1
257,679,17.73,5.29,14.52,8.49,0.0,0.0,2.95,0.0,5,2,38,2,1.0,0,3.83,0
258,109,16.67,7.04,11.76,1.77,4767.61,643.71,3.31,184.01,7,5,42,0,0.0,0,4.02,0
259,180,11.13,7.85,13.52,3.01,728.17,68.36,2.98,30.5,5,6,39,3,2.0,1,4.41,1
260,590,7.39,7.38,15.04,6.03,1236.72,215.25,0.66,379.46,8,5,56,1,1.0,0,3.95,0
261,794,10.44,5.24,16.11,8.53,643.59,82.77,1.06,139.58,4,6,28,0,1.0,0,4.03,0
262,176,13.19,1.0,25.96,5.83,2323.1,4.82,3.6,143.69,6,2,6,0,0.0,0,3.42,0
263,304,6.54,4.62,8.43,6.33,0.0,0.0,1.87,0.0,7,3,29,1,1.0,0,4.23,0
264,925,18.69,6.88,18.65,5.24,0.0,0.0,1.31,0.0,6,6,33,0,3.0,1,4.09,1
265,989,24.71,2.96,14.75,3.15,8.24,1.66,2.39,0.87,10,2,15,0,1.0,0,3.16,1
266,583,32.2,7.44,4.07,4.22,455.01,41.41,2.71,22.06,5,4,28,1,1.0,0,3.66,1
267,450,30.89,8.16,18.12,2.78,219.43,27.73,0.97,60.47,8,3,47,0,1.0,1,3.12,0
268,351,9.67,6.13,21.11,2.64,281.38,29.4,1.84,47.93,7,4,33,1,0.0,0,4.68,0
269,615,13.69,0.0,8.36,6.0,,147.56,2.62,92.01,0,1,7,1,3.0,0,3.2,1
270,593,10.96,2.48,13.45,2.95,341.14,5.05,0.32,242.67,6,1,20,2,4.0,0,4.21,1
271,299,10.93,,3.15,5.84,646.87,127.69,1.61,40.41,12,8,48,1,3.0,0,4.64,0
272,29,10.38,4.38,5.95,2.6,0.0,0.0,0.37,0.0,5,7,33,0,1.0,0,4.35,0
273,157,12.56,0.64,19.79,5.79,0.0,0.0,0.52,0.0,0,0,10,0,0.0,0,4.01,0
274,958,27.52,9.01,10.7,4.22,1776.6,217.53,0.98,413.89,3,4,41,2,1.0,0,4.44,0
275,422,15.74,5.83,6.85,8.01,196.26,2.49,2.12,16.44,3,3,38,2,1.0,0,4.82,0
276,485,4.34,8.67,14.88,5.85,0.0,0.0,1.25,0.0,8,0,38,0,0.0,0,,0
277,470,23.99,6.52,10.37,7.67,0.0,0.0,0.89,0.0,7,1,30,1,1.0,0,3.02,1
278,784,14.66,6.99,10.68,3.69,0.0,,1.66,0.0,1,3,26,0,0.0,0,4.88,0
279,71,17.88,6.74,17.94,5.31,0.0,0.0,0.34,0.0,10,4,37,1,0.0,0,4.47,0
280,89,15.52,7.61,6.53,3.24,0.0,0.0,2.07,0.0,7,2,36,1,0.0,1,3.88,0
281,280,16.04,11.72,8.07,4.37,0.0,0.0,2.84,0.0,12,8,55,1,0.0,0,3.16,0
282,490,16.59,8.32,14.42,4.68,81.95,11.75,1.51,7.76,10,6,41,1,2.0,0,4.09,0
283,673,2.14,1.69,19.32,3.75,0.0,0.0,1.38,0.0,3,1,8,1,1.0,1,3.42,0
284,494,17.72,6.96,20.93,2.77,970.68,48.44,2.01,60.91,6,2,44,3,2.0,0,3.58,1
285,445,6.8,8.77,9.51,2.37,290.81,28.18,0.0,0.0,5,2,31,1,0.0,0,4.17,0
286,938,8.37,8.93,19.12,1.0,276.01,50.74,2.19,20.13,13,3,47,1,1.0,0,3.96,0
287,166,12.48,4.69,8.8,3.09,0.0,0.0,5.01,0.0,5,5,25,3,1.0,0,3.99,0
288,574,35.6,8.83,24.46,6.45,107.44,1.62,1.47,8.01,9,4,45,0,1.0,0,4.66,0
289,545,5.09,8.21,6.7,2.0,328.83,32.04,1.47,51.12,7,3,49,2,1.0,0,4.39,0
290,477,12.16,12.49,21.47,2.46,575.67,39.49,2.42,27.99,19,2,65,0,0.0,0,3.98,0
291,808,10.18,3.85,9.56,8.78,117.27,16.55,3.41,4.77,9,5,31,0,1.0,0,3.91,0
292,272,23.76,4.48,25.58,3.93,936.93,126.68,2.67,51.99,8,4,20,2,4.0,1,3.65,1
293,954,9.96,5.0,17.05,5.84,156.66,0.36,0.0,0.0,6,1,30,0,0.0,0,4.11,0
294,336,14.79,4.53,7.4,6.48,641.45,85.76,2.22,32.2,3,2,34,0,1.0,0,4.57,0
295,548,5.1,3.49,10.37,6.53,0.0,0.0,4.43,0.0,5,7,22,0,1.0,0,3.68,0
296,524,26.54,0.0,18.19,2.16,0.0,0.0,2.28,0.0,2,0,5,2,3.0,1,4.7,1
297,850,3.19,4.67,19.82,4.74,277.61,3.6,0.33,251.76,8,3,19,0,0.0,0,4.57,0
298,442,17.54,6.76,13.08,1.96,583.24,38.96,1.91,49.75,7,1,36,3,3.0,0,2.74,1
299,289,14.86,4.52,13.77,10.09,467.19,43.3,0.19,0.0,8,3,25,3,2.0,1,3.95,1
300,28,16.49,10.83,18.05,2.01,365.35,14.45,2.96,15.48,11,5,46,0,1.0,0,4.82,0
301,368,3.24,5.83,14.29,3.1,34.69,3.21,0.55,18.84,3,4,30,0,0.0,1,4.11,0
302,827,9.79,9.16,5.74,3.12,0.0,0.0,1.68,0.0,9,2,53,2,1.0,1,,0
303,16,22.97,6.48,8.62,2.21,450.45,11.22,0.66,78.1,7,5,32,2,2.0,0,4.22,1
304,896,39.17,7.95,14.91,7.91,367.97,54.13,1.0,53.96,5,3,45,2,2.0,0,4.35,1
305,546,11.47,6.53,20.79,10.04,0.0,0.0,3.23,0.0,11,4,35,1,,0,4.67,0
306,146,21.49,9.36,23.2,4.25,973.44,152.35,1.71,81.88,9,3,42,4,3.0,1,3.12,1
307,307,13.81,5.95,18.18,2.56,0.0,0.0,0.98,0.0,7,2,46,0,1.0,0,3.92,0
308,557,11.93,7.09,15.22,1.0,0.0,0.0,0.34,0.0,8,4,35,1,2.0,1,4.8,0
309,320,8.9,6.75,17.99,4.71,1822.32,156.94,0.0,0.0,7,2,41,1,0.0,0,4.27,0
310,114,12.53,5.05,9.5,4.57,711.58,124.76,0.22,338.91,6,6,27,0,0.0,0,5.0,0
311,668,20.18,6.85,12.58,3.9,32.02,5.52,1.72,3.38,12,3,29,2,1.0,0,5.0,0
312,674,21.35,11.61,8.56,5.64,287.74,23.77,2.68,11.91,12,4,68,1,1.0,1,3.63,1
313,125,3.95,5.1,6.01,5.99,220.97,30.27,0.98,23.83,7,9,26,2,0.0,0,3.59,0
314,286,8.25,6.89,15.5,5.85,0.0,0.0,3.33,0.0,5,4,38,1,1.0,0,4.1,0
315,249,4.87,9.07,14.61,4.57,0.0,0.0,0.81,0.0,9,5,44,0,0.0,0,4.85,0
316,661,13.01,,17.63,3.0,133.43,2.39,1.34,12.51,13,8,35,1,1.0,0,4.93,0
317,732,9.51,5.83,16.78,6.53,32.42,3.1,0.41,9.47,8,4,32,2,0.0,0,5.0,0
318,728,16.09,0.0,14.96,5.23,266.51,,2.69,17.24,0,0,4,2,3.0,0,4.23,1
319,939,16.9,7.14,16.84,6.98,998.23,194.0,3.91,33.63,10,3,31,2,,0,4.52,0
320,770,1.04,0.03,13.24,6.78,42.5,4.16,0.0,0.0,2,2,7,0,0.0,0,3.86,0
321,325,12.46,9.62,15.98,2.36,0.0,0.0,1.22,0.0,20,5,42,1,0.0,0,2.87,0
322,113,27.89,6.24,9.14,2.33,308.27,24.44,2.99,12.83,12,6,29,2,2.0,0,4.23,1
323,617,8.25,8.4,15.72,3.69,41.02,2.61,0.01,0.0,8,9,40,0,,0,3.62,0
324,916,8.05,3.45,17.51,3.09,95.14,4.25,2.22,10.42,2,3,23,1,0.0,0,4.6,0
325,975,24.69,1.76,9.48,6.71,51.34,10.3,2.94,4.44,2,2,13,1,2.0,1,2.87,1
326,235,22.04,6.48,13.81,5.9,3546.51,623.77,1.69,220.78,8,2,34,0,1.0,1,3.49,0
327,241,5.35,5.71,9.76,7.4,0.0,0.0,2.21,0.0,4,3,27,0,0.0,0,4.4,0
328,44,20.56,4.52,10.34,5.99,23.6,3.88,3.54,0.78,5,3,26,1,1.0,1,4.1,1
329,147,6.48,6.02,6.75,5.62,151.94,13.99,3.74,10.63,5,10,26,1,2.0,0,4.22,0
330,557,7.98,13.0,21.09,7.6,0.0,0.0,1.53,0.0,12,7,86,2,3.0,0,5.0,0
331,549,5.34,7.97,19.89,6.14,742.1,86.26,1.01,169.72,9,4,40,0,0.0,0,5.0,0
332,375,3.92,8.53,16.72,5.34,659.83,18.88,0.59,201.14,11,8,46,1,1.0,0,3.87,0
333,314,13.59,7.99,25.33,8.16,134.62,6.22,2.67,10.34,7,6,57,0,0.0,0,5.0,0
334,830,3.34,9.65,12.36,5.43,57.76,8.85,0.09,0.0,5,5,55,0,0.0,0,5.0,0
335,463,14.01,5.31,31.69,4.59,110.7,6.26,1.32,20.87,5,7,32,1,1.0,0,4.18,0
336,809,13.68,0.46,12.13,3.52,113.29,22.23,1.71,8.79,1,1,7,0,1.0,0,4.27,0
337,963,11.07,5.31,15.03,6.61,123.02,17.79,1.05,11.89,11,0,34,1,2.0,0,4.22,0
338,321,8.58,7.91,11.11,7.67,84.29,15.43,1.91,5.66,4,6,36,0,0.0,0,3.9,0
339,208,7.24,3.28,15.73,5.1,269.28,36.45,4.42,17.14,0,3,24,1,0.0,0,3.95,0
340,953,4.73,5.34,18.51,7.82,606.81,115.99,1.47,44.24,4,2,33,0,0.0,0,4.98,0
341,637,32.36,4.0,12.82,1.26,0.0,0.0,1.12,0.0,9,2,21,1,1.0,0,4.49,1
342,295,10.69,9.71,24.16,5.09,0.0,0.0,2.72,0.0,4,6,56,0,0.0,0,3.95,0
343,624,10.41,7.75,14.93,5.12,0.0,0.0,1.86,0.0,10,3,38,1,1.0,1,3.39,0
344,518,5.58,7.49,15.12,3.75,709.49,141.07,3.18,24.35,3,4,39,1,0.0,0,3.83,0
345,906,30.11,7.42,8.05,9.97,268.18,9.73,1.78,23.75,8,5,41,1,0.0,0,4.16,0
346,261,7.64,5.7,16.01,5.07,418.65,53.24,1.33,46.96,9,2,28,1,0.0,0,4.75,0
347,991,15.01,6.31,12.7,4.38,0.0,0.0,0.0,0.0,9,4,34,0,2.0,2,3.08,1
348,936,17.17,2.72,9.85,5.25,2154.14,175.37,0.0,0.0,3,3,25,1,0.0,0,4.75,0
349,186,13.6,0.12,8.84,1.19,0.0,0.0,0.0,0.0,0,1,4,2,1.0,0,4.36,1
350,170,3.26,6.19,29.53,3.68,227.33,18.66,2.02,29.01,10,3,24,1,2.0,0,,0
351,536,19.95,6.64,11.92,7.17,698.03,26.61,0.1,0.0,10,4,31,5,5.0,3,3.76,1
352,51,7.57,8.94,4.76,3.94,0.0,0.0,2.98,0.0,11,4,35,0,0.0,0,4.71,0
353,303,21.88,9.89,9.31,3.54,0.0,0.0,1.63,0.0,11,5,46,0,0.0,0,3.48,0
354,439,11.86,9.88,13.19,7.82,232.59,0.78,1.33,30.03,12,3,62,1,2.0,2,2.95,1
355,969,17.93,3.21,16.78,7.88,6776.7,104.12,0.67,800.0,3,5,23,1,1.0,1,3.77,0
356,992,28.79,4.88,16.83,6.23,295.18,12.68,2.28,24.95,11,2,34,1,0.0,0,4.45,0
357,157,19.44,7.05,17.56,4.29,1760.95,298.04,0.72,585.3,3,2,30,0,0.0,0,5.0,0
358,892,18.24,12.38,9.63,4.72,1097.05,215.29,0.52,233.97,9,6,54,1,1.0,0,4.29,0
359,97,20.59,9.65,15.54,3.59,332.9,39.96,2.91,11.69,15,4,55,0,1.0,1,4.84,0
360,750,6.28,8.71,8.24,3.21,0.0,0.0,1.99,0.0,11,8,54,0,0.0,0,3.86,0
361,846,22.53,4.79,9.78,3.11,914.16,107.48,1.34,128.83,10,3,31,1,0.0,0,3.95,0
362,891,10.05,3.5,7.99,3.96,0.0,0.0,2.31,0.0,8,0,19,1,0.0,0,4.08,0
363,228,10.31,7.85,6.37,3.13,1749.95,288.54,1.61,333.66,8,6,45,0,1.0,0,3.8,0
364,894,13.28,2.94,19.89,2.07,242.75,15.55,2.02,20.89,4,2,16,2,0.0,0,4.89,0
365,122,9.32,5.18,17.63,5.64,0.0,0.0,0.7,0.0,4,5,32,0,2.0,0,2.73,0
366,522,5.16,5.5,19.36,5.67,,7.33,3.88,1.18,6,7,33,3,3.0,0,3.97,0
367,473,12.53,9.94,13.74,8.6,525.84,98.81,0.96,100.35,7,8,53,1,0.0,0,4.88,0
368,320,10.35,4.88,18.16,3.86,68.29,0.81,3.31,2.11,8,2,15,2,1.0,0,4.08,0
369,28,10.06,0.0,2.93,5.79,574.69,104.14,1.39,68.78,2,0,7,0,0.0,0,4.84,0
370,773,11.57,7.11,18.68,5.83,0.0,0.0,2.49,0.0,8,3,31,0,1.0,2,4.76,0
371,340,1.2,3.98,14.56,4.69,0.0,0.0,2.41,0.0,5,3,20,0,0.0,0,4.29,0
372,664,10.12,5.91,17.26,6.69,125.61,20.96,2.86,9.8,3,1,32,1,1.0,0,,0
373,414,31.22,5.57,15.78,6.75,166.37,19.63,0.68,26.78,7,2,34,0,0.0,0,5.0,0
374,378,29.59,5.09,7.58,5.85,34.75,3.17,2.78,2.26,2,1,32,1,3.0,0,4.47,1
375,887,12.86,7.85,4.51,4.69,1126.49,224.0,3.63,40.79,12,5,40,1,3.0,2,3.52,1
376,100,12.54,1.81,9.23,4.48,0.0,0.0,1.32,0.0,2,4,16,2,2.0,1,4.4,1
377,738,0.81,4.46,16.89,2.46,301.79,3.83,1.64,19.78,8,3,24,0,0.0,0,4.9,0
378,748,7.94,7.58,17.64,3.59,181.8,24.64,1.02,23.68,9,5,42,2,0.0,0,4.23,0
379,384,20.44,4.2,5.29,3.96,0.0,0.0,1.22,0.0,7,4,22,1,2.0,3,2.93,1
380,267,9.14,1.62,7.61,2.95,0.0,0.0,3.48,0.0,5,1,10,0,0.0,0,5.0,0
381,12,25.36,7.54,9.16,6.08,158.26,34.23,0.5,34.31,8,4,43,1,3.0,1,3.75,1
382,937,24.33,8.72,11.36,7.59,2675.44,403.81,0.56,695.18,12,6,39,1,2.0,0,4.91,0
383,948,7.81,5.68,5.33,3.38,,10.77,3.37,27.9,4,6,28,0,1.0,0,4.39,0
384,246,13.6,0.7,4.97,5.77,0.0,0.0,2.29,0.0,3,1,8,1,1.0,0,5.0,0
385,38,32.87,7.64,8.57,3.13,0.0,0.0,3.93,0.0,9,3,49,1,3.0,0,3.78,1
386,128,3.18,1.48,14.02,4.59,589.71,129.31,1.1,102.7,5,2,9,4,4.0,1,3.43,1
387,74,9.3,6.6,6.42,3.82,116.42,2.52,1.74,9.91,6,2,41,1,0.0,0,4.72,0
388,832,2.85,3.49,12.81,6.4,1013.03,22.36,0.87,215.68,8,2,24,0,,0,3.63,0
389,892,5.88,2.78,19.85,3.84,0.0,0.0,1.76,0.0,7,2,13,0,0.0,0,4.31,0
390,159,39.32,4.65,5.69,7.22,322.61,4.57,0.0,0.0,4,4,30,2,,2,4.4,1
391,748,9.3,5.32,12.26,4.71,690.28,10.41,2.35,75.0,8,5,31,1,,0,3.27,1
392,185,1.63,4.13,19.65,3.9,7.89,1.54,1.96,1.24,10,2,22,0,0.0,0,4.47,0
393,371,5.11,7.33,10.99,2.69,13.46,2.37,1.54,2.14,10,4,34,0,0.0,0,4.92,0
394,602,2.53,4.64,10.06,5.71,163.75,31.76,1.17,14.47,7,1,27,1,1.0,0,4.24,0
395,721,14.0,8.35,20.48,6.99,444.14,63.56,0.62,102.63,13,9,40,0,0.0,0,,0
396,875,16.99,6.53,11.66,5.75,147.69,10.48,2.4,9.58,10,4,43,0,0.0,0,4.11,0
397,51,22.74,3.99,20.13,9.68,818.48,163.2,0.31,461.32,5,5,28,2,2.0,0,3.79,0
398,202,19.68,3.55,16.07,8.06,4.19,0.28,2.16,0.24,7,3,19,2,2.0,1,3.94,1
399,285,3.35,1.52,11.44,4.58,0.0,0.0,3.88,0.0,9,2,11,0,2.0,1,3.75,1
400,315,16.38,6.56,16.38,4.56,2663.11,519.33,3.23,166.93,8,3,30,2,3.0,1,3.62,0
401,998,11.18,4.88,15.42,6.14,0.0,0.0,0.0,0.0,9,2,18,4,4.0,0,4.51,1
402,778,25.01,0.0,19.63,3.52,0.0,0.0,1.01,0.0,2,2,7,1,2.0,0,5.0,0
403,325,21.26,4.41,10.21,7.53,127.74,4.38,2.06,7.38,4,5,23,1,0.0,0,4.43,0
404,972,42.71,3.46,13.75,5.92,181.46,38.02,1.52,12.84,7,1,16,0,0.0,0,4.99,0
405,502,5.5,9.9,13.13,5.71,24.05,,0.06,0.0,11,6,55,0,1.0,0,5.0,0
406,504,4.8,1.37,17.72,6.57,146.46,21.52,2.02,16.87,5,4,13,1,0.0,0,3.93,0
407,437,8.36,2.05,7.35,8.65,137.7,27.69,1.59,23.81,2,0,9,1,0.0,0,4.4,0
408,149,11.53,8.69,19.6,5.54,230.5,19.31,3.71,14.86,15,3,42,0,1.0,0,4.02,0
409,934,7.04,9.33,16.3,4.97,0.0,,1.32,0.0,10,3,48,1,1.0,0,3.43,0
410,20,5.77,3.86,5.6,8.22,2396.19,337.56,2.88,88.39,4,4,20,2,2.0,0,4.45,0
411,180,15.61,4.16,20.75,7.14,98.18,17.01,0.21,50.23,3,6,17,1,2.0,0,3.67,0
412,235,8.34,7.4,26.9,4.56,470.99,92.94,0.47,197.31,11,7,40,3,3.0,2,3.82,1
413,284,6.79,0.0,19.51,5.21,0.0,0.0,2.39,0.0,2,1,2,1,1.0,0,3.39,0
414,137,3.34,0.96,22.06,5.59,1.89,0.03,2.79,0.1,4,2,9,3,1.0,0,4.34,0
415,24,0.92,5.07,14.01,5.92,0.0,0.0,0.55,0.0,8,4,28,1,1.0,0,3.39,0
416,679,30.22,9.83,3.53,2.49,1504.12,315.68,1.63,135.23,13,7,48,2,0.0,0,4.62,0
417,969,29.62,4.67,2.44,2.12,0.0,0.0,0.08,0.0,10,1,34,1,0.0,0,4.03,1
418,127,21.71,6.06,15.03,3.43,610.99,130.04,1.4,122.72,6,3,22,2,0.0,0,3.98,0
419,301,18.29,8.75,9.95,3.27,0.0,0.0,2.52,0.0,11,2,46,1,1.0,0,4.87,0
420,509,7.71,11.28,8.01,3.91,6.56,0.55,1.12,0.98,15,7,51,0,0.0,0,4.07,0
421,928,18.82,4.3,13.12,6.47,65.59,10.96,1.33,9.07,4,1,30,2,2.0,0,4.31,0
422,696,4.48,5.76,17.19,4.86,1206.58,199.85,0.36,614.77,7,2,26,0,0.0,0,4.14,0
423,767,13.36,10.54,4.78,5.59,0.0,0.0,0.89,0.0,9,4,65,3,5.0,1,4.18,1
424,584,6.29,1.84,10.81,2.75,0.0,0.0,3.53,0.0,2,2,17,2,5.0,1,4.47,1
425,421,18.88,8.47,22.56,4.28,0.0,0.0,1.68,0.0,9,6,42,3,1.0,1,4.36,1
426,205,34.35,3.15,7.05,6.37,0.0,0.0,0.5,0.0,5,2,18,2,2.0,1,3.64,1
427,865,5.1,6.07,18.72,6.39,0.0,0.0,1.25,0.0,9,6,31,4,1.0,1,4.56,0
428,805,8.03,5.17,10.59,3.75,0.0,0.0,0.0,0.0,6,1,17,1,0.0,1,3.4,0
429,31,13.17,3.31,16.77,5.52,0.0,0.0,0.48,0.0,8,3,23,4,3.0,0,3.84,1
430,717,1.9,3.24,20.08,9.6,0.0,0.0,3.1,0.0,8,3,19,0,2.0,1,3.83,0
431,90,2.66,6.52,17.95,5.16,0.0,0.0,1.44,0.0,9,3,36,0,0.0,0,4.83,0
432,740,33.69,8.39,18.95,3.81,1089.99,223.45,3.68,61.38,9,6,43,0,0.0,0,3.61,0
433,827,15.66,5.46,6.59,4.85,,36.6,1.5,76.39,9,5,33,2,1.0,1,4.39,1
434,137,7.35,5.98,20.18,5.38,236.61,21.51,1.56,33.6,6,1,30,0,2.0,0,4.22,0
435,437,12.13,7.29,8.38,4.9,0.0,0.0,2.3,0.0,6,5,50,1,3.0,1,3.66,1
436,129,8.39,3.27,15.06,5.14,0.0,0.0,0.0,0.0,4,3,20,3,3.0,1,4.5,1
437,570,13.47,7.72,15.05,2.31,0.0,0.0,1.83,0.0,13,9,41,0,0.0,0,3.81,0
438,928,8.65,7.93,16.41,3.27,136.37,22.39,1.55,15.39,13,2,42,0,1.0,0,5.0,0
439,87,11.41,12.57,15.52,4.9,711.19,125.38,3.23,41.99,12,8,64,2,2.0,1,3.8,0
440,401,20.07,4.82,8.44,4.87,744.63,143.48,2.66,27.98,13,4,35,0,1.0,1,3.98,0
441,973,19.17,4.61,5.4,4.07,507.95,27.13,0.35,171.63,11,2,21,1,0.0,0,5.0,0
442,305,32.44,7.8,18.73,4.85,0.0,0.0,2.97,0.0,14,3,41,1,2.0,1,4.0,0
443,138,16.47,7.93,14.62,5.32,163.46,8.04,1.31,26.06,7,4,28,1,1.0,0,4.9,0
444,492,12.73,4.41,20.4,6.98,42.56,0.35,0.61,13.4,7,1,15,0,1.0,1,2.83,1
445,511,35.66,4.75,13.23,5.0,79.91,12.44,1.82,6.66,8,2,24,0,0.0,0,4.01,0
446,665,10.51,7.21,5.07,6.0,2843.71,343.45,1.38,303.95,15,3,49,0,2.0,0,4.47,0
447,318,1.06,3.65,19.3,4.12,0.0,0.0,3.29,0.0,7,0,30,1,3.0,0,4.84,0
448,955,21.9,4.73,11.28,6.34,69.04,1.33,1.97,3.6,5,4,23,0,0.0,0,4.67,0
449,524,15.09,6.03,15.55,5.95,1105.26,242.07,1.83,86.1,16,1,32,2,2.0,0,4.62,0
450,291,12.28,8.39,9.62,6.93,0.0,0.0,2.59,0.0,8,4,40,0,0.0,1,4.48,0
451,960,22.3,4.23,23.37,6.63,0.0,0.0,2.8,0.0,5,2,23,3,1.0,2,3.81,1
452,925,8.71,1.01,8.24,6.38,0.0,0.0,2.46,0.0,3,1,12,1,1.0,1,2.72,1
453,502,1.14,0.82,11.48,5.0,72.7,3.9,3.16,2.82,3,3,11,0,1.0,0,,0
454,31,22.6,2.53,14.14,5.69,0.0,0.0,2.27,0.0,4,1,14,2,2.0,2,3.09,1
455,599,7.13,2.39,6.95,7.33,481.64,93.16,1.78,37.67,5,2,14,0,0.0,0,4.42,0
456,558,5.29,5.4,15.48,3.9,535.47,95.97,2.96,23.76,11,1,21,1,1.0,0,,0
457,154,1.23,2.71,23.17,3.94,420.74,75.14,1.5,31.7,3,4,24,0,0.0,1,3.93,0
458,636,21.31,3.97,10.56,5.56,0.0,0.0,1.64,0.0,6,2,21,0,1.0,0,3.64,0
459,841,0.58,3.79,15.87,6.03,189.88,34.25,3.49,5.94,6,5,25,0,0.0,0,3.18,0
460,112,28.64,4.65,1.0,3.55,0.0,0.0,3.38,0.0,8,1,28,1,3.0,0,3.7,1
461,725,9.43,9.24,13.27,5.05,39.28,1.14,1.59,6.72,12,2,52,1,1.0,0,4.7,0
462,146,22.02,7.52,11.62,5.01,3225.41,81.02,1.1,783.37,7,5,37,0,0.0,0,3.45,0
463,750,16.83,5.84,8.59,1.0,193.94,32.94,3.21,13.78,10,4,32,1,1.0,0,3.77,0
464,423,40.04,4.6,19.99,4.76,0.0,0.0,2.48,0.0,3,6,24,3,2.0,0,4.48,1
465,13,16.51,4.67,11.54,4.89,233.15,26.64,1.95,18.49,3,6,28,2,0.0,0,3.68,0
466,966,27.93,6.65,12.44,4.88,0.0,0.0,1.25,0.0,4,2,33,0,1.0,0,3.95,0
467,171,7.82,7.32,11.24,8.03,0.0,0.0,1.96,0.0,10,3,49,0,0.0,0,4.3,0
468,598,2.65,3.44,2.0,2.77,0.0,0.0,1.58,0.0,8,1,21,0,0.0,0,4.41,0
469,187,24.4,5.89,6.71,3.55,8.71,0.79,0.87,2.42,5,4,24,0,0.0,0,3.67,0
470,933,2.56,0.52,19.27,1.0,779.64,103.81,1.74,62.2,2,1,6,2,2.0,0,4.33,0
471,740,21.15,6.35,1.0,4.24,469.39,78.51,1.89,26.11,8,3,23,2,1.0,0,4.47,0
472,805,4.71,,8.9,4.41,430.61,53.46,1.19,41.09,5,3,46,2,3.0,0,3.55,0
473,436,15.3,5.07,11.1,4.18,0.0,0.0,2.59,0.0,4,4,23,0,1.0,1,4.02,0
474,471,40.53,10.52,23.96,7.42,0.0,0.0,3.02,0.0,7,7,57,0,0.0,0,3.86,0
475,636,20.01,3.51,18.11,6.92,279.54,43.37,2.67,26.61,6,3,21,1,1.0,0,4.32,0
476,786,10.54,6.37,10.16,5.36,0.0,0.0,1.3,0.0,8,6,36,0,0.0,0,4.65,0
477,848,17.12,5.71,21.33,4.46,55.4,0.76,2.43,3.77,7,4,36,0,0.0,0,4.15,0
478,24,8.06,5.54,9.06,7.25,377.26,62.66,1.69,61.71,8,6,33,1,2.0,0,4.75,0
479,665,50.86,5.5,19.55,5.16,34.64,3.92,0.24,26.15,7,4,27,3,3.0,1,4.33,1
480,115,6.67,6.08,5.35,3.56,255.76,4.2,2.34,23.94,7,5,39,1,0.0,1,4.4,0
481,292,11.47,8.0,19.94,1.77,1733.72,258.99,1.76,104.59,8,5,35,0,0.0,0,4.47,0
482,830,18.77,9.38,11.06,4.32,89.73,14.14,4.45,2.2,6,4,53,2,1.0,0,4.86,0
483,255,16.23,5.79,7.33,6.71,1062.04,122.34,3.2,37.97,4,4,35,2,1.0,0,4.46,0
484,798,17.58,7.92,12.2,9.75,455.83,79.6,2.38,23.92,5,3,42,3,1.0,1,2.98,1
485,466,8.2,3.98,15.16,5.32,0.0,0.0,1.87,0.0,4,3,19,0,0.0,0,3.81,0
486,238,10.2,7.79,10.53,3.67,0.0,0.0,1.78,0.0,9,2,40,0,0.0,1,3.78,0
487,338,23.64,3.82,16.82,2.83,0.0,0.0,0.5,0.0,13,4,24,0,0.0,0,4.2,0
488,534,22.84,8.64,10.0,6.3,0.0,0.0,0.0,0.0,6,4,47,0,1.0,0,4.45,0
489,766,16.52,11.55,17.22,1.67,118.6,18.16,0.64,33.16,7,5,57,1,0.0,0,3.81,0
490,608,30.28,5.48,16.15,6.3,495.94,92.25,1.55,50.8,3,2,21,0,0.0,1,5.0,0
491,933,24.28,0.1,13.13,6.84,1165.39,184.83,0.0,0.0,1,1,6,1,0.0,0,4.19,0
492,868,22.37,4.38,10.85,6.07,299.04,11.45,1.0,63.83,5,5,15,1,0.0,0,4.25,0
493,755,2.51,9.0,14.41,4.76,8.35,0.67,1.33,1.21,9,4,35,1,1.0,0,3.88,0
494,605,16.37,7.24,16.8,6.33,0.0,0.0,1.36,0.0,5,8,34,4,2.0,1,3.35,0
495,294,14.3,6.45,25.87,5.54,182.94,27.64,0.87,29.04,7,1,33,0,0.0,0,4.18,0
496,416,32.89,8.42,19.14,3.64,163.96,8.95,1.22,13.82,5,6,30,2,0.0,0,4.27,0
497,125,10.97,7.06,19.36,8.9,234.41,27.09,3.5,9.9,9,1,30,0,0.0,0,4.2,0
498,378,13.43,8.97,32.03,4.5,3065.09,533.95,2.33,162.16,11,7,37,0,0.0,0,5.0,0
499,926,4.65,8.19,16.6,6.75,1144.93,169.0,0.98,134.57,5,7,53,0,0.0,0,4.18,0
500,429,5.56,9.76,16.41,1.0,634.53,41.65,1.52,109.67,16,8,41,0,0.0,0,4.2,0
501,119,32.96,6.73,17.72,7.75,,0.0,1.57,0.0,8,5,35,1,0.0,0,4.7,0
502,654,17.53,8.15,7.45,8.14,0.0,0.0,0.76,0.0,11,7,48,1,1.0,1,3.81,0
503,962,40.59,5.0,10.84,5.26,116.92,14.13,0.75,22.13,8,7,29,2,2.0,1,4.2,1
504,868,10.81,4.24,10.46,6.32,0.0,0.0,2.71,0.0,3,1,23,0,0.0,0,3.55,0
505,279,3.22,10.24,17.39,6.32,415.45,79.88,1.14,39.06,15,7,52,1,1.0,0,3.55,0
506,457,9.62,6.36,12.45,3.91,326.46,36.82,0.4,85.29,10,4,34,0,0.0,0,4.32,0
507,534,8.32,7.89,14.33,6.29,0.0,0.0,1.55,0.0,6,6,34,1,0.0,0,4.12,0
508,253,20.5,6.12,20.02,3.58,1085.17,47.38,1.73,139.73,10,3,31,1,0.0,1,3.46,1
509,273,19.93,4.28,18.68,3.98,196.89,16.33,0.0,0.0,2,4,23,0,0.0,0,4.32,0
510,242,18.16,5.83,12.53,7.45,0.0,0.0,1.56,0.0,9,1,25,1,2.0,0,4.37,0
511,994,48.9,9.53,9.48,7.15,133.24,7.94,2.55,7.26,8,6,42,2,3.0,1,3.51,1
512,747,29.12,7.24,20.31,3.79,284.43,35.51,2.1,31.99,5,5,42,1,1.0,1,3.61,1
513,841,5.93,1.35,18.14,3.73,817.2,83.11,4.05,23.18,6,1,7,2,1.0,0,4.37,0
514,817,24.83,5.24,3.86,3.91,37.87,7.41,2.98,2.32,2,3,32,4,1.0,0,3.69,1
515,959,12.77,10.43,11.62,6.67,673.29,139.43,3.19,33.86,4,2,54,0,0.0,1,3.57,0
516,111,10.58,5.24,14.49,3.2,236.45,11.42,4.68,8.85,8,3,26,1,2.0,0,4.54,0
517,882,31.57,1.12,18.17,5.91,0.0,0.0,2.43,0.0,5,3,6,1,0.0,0,4.24,0
518,73,5.59,10.72,18.96,6.69,0.0,0.0,1.78,0.0,8,5,57,3,3.0,2,3.29,0
519,479,23.71,7.57,15.2,5.02,989.62,216.6,2.67,75.27,8,0,46,1,1.0,1,3.4,0
520,597,21.2,5.62,17.01,7.22,1084.06,205.96,0.98,184.32,3,4,38,1,2.0,0,3.69,0
521,362,5.49,4.83,13.88,4.59,307.19,1.6,1.72,19.1,6,3,32,1,1.0,0,4.18,0
522,152,2.41,8.61,9.46,4.77,1550.3,85.7,0.89,267.91,8,1,41,0,0.0,0,5.0,0
523,197,11.71,4.39,11.93,3.25,910.5,8.68,2.04,47.46,7,3,26,0,,0,4.56,0
524,825,26.8,8.79,13.61,7.23,549.21,99.17,0.88,90.8,8,5,45,3,4.0,1,3.17,1
525,323,16.33,7.21,13.29,3.67,0.0,0.0,0.84,0.0,8,4,35,1,1.0,0,4.64,0
526,315,32.25,6.44,2.19,5.9,2028.86,229.3,2.05,195.32,8,6,30,0,0.0,0,3.83,0
527,923,15.52,6.18,11.12,5.06,439.73,53.64,1.45,35.58,8,5,34,2,0.0,0,4.25,0
528,149,33.68,5.35,13.84,3.09,24.28,1.35,0.0,0.0,9,3,40,3,1.0,0,3.93,1
529,915,7.59,8.52,11.81,3.98,0.0,0.0,0.0,0.0,11,2,39,2,1.0,0,5.0,0
530,921,18.12,3.55,12.02,7.97,271.54,1.83,0.34,194.75,6,1,33,1,3.0,0,3.63,1
531,601,9.05,1.58,16.43,5.6,0.0,0.0,0.63,0.0,2,1,13,2,1.0,1,4.07,1
532,171,11.43,7.4,7.03,3.18,562.14,90.83,2.06,28.4,7,3,45,2,1.0,0,3.87,0
533,161,13.4,7.44,3.73,5.81,0.0,0.0,1.84,0.0,2,4,51,0,2.0,1,4.31,0
534,289,16.29,7.05,11.41,4.91,334.41,24.43,2.77,14.47,7,6,46,3,2.0,1,4.06,1
535,580,6.71,6.86,18.08,12.0,0.0,0.0,2.43,0.0,10,2,26,1,1.0,1,4.59,0
536,159,17.5,4.97,23.63,5.77,59.69,9.4,2.78,2.31,7,5,27,1,2.0,0,4.64,0
537,459,12.89,7.85,18.19,4.44,0.0,0.0,2.27,0.0,10,4,36,0,1.0,0,3.87,0
538,121,3.41,5.68,4.69,8.04,93.36,4.01,1.83,9.58,9,0,33,2,1.0,2,5.0,0
539,543,2.01,4.53,12.11,1.52,2418.79,339.03,2.81,132.14,11,6,25,1,0.0,0,4.56,0
540,27,26.86,4.99,15.04,5.39,1361.72,86.7,2.61,68.32,3,8,24,1,3.0,0,3.95,1
541,711,10.99,11.05,14.57,9.19,325.06,8.54,2.01,50.95,9,5,52,0,1.0,0,4.36,0
542,62,3.03,1.29,16.74,4.97,143.35,4.89,3.0,7.34,4,0,11,1,3.0,0,4.6,0
543,200,37.36,7.1,8.0,1.73,688.42,25.08,0.0,0.0,11,5,50,2,2.0,1,4.23,1
544,180,18.79,1.43,13.89,4.41,998.84,104.99,1.28,180.67,6,1,6,0,0.0,1,4.17,0
545,832,15.97,5.52,16.02,8.11,0.0,0.0,1.26,0.0,6,11,31,0,0.0,0,4.78,0
546,60,6.19,4.67,18.45,5.95,123.37,4.79,2.87,6.39,4,3,33,3,0.0,0,4.73,0
547,433,3.36,0.38,8.67,3.52,0.0,0.0,3.33,0.0,3,2,7,2,0.0,0,3.78,0
548,594,14.31,6.81,11.43,3.83,990.29,61.22,0.0,0.0,7,2,29,1,4.0,1,5.0,1
549,519,12.28,4.81,1.0,4.08,2931.23,200.91,3.15,104.04,5,0,37,0,1.0,1,4.98,0
550,682,4.73,0.34,9.77,5.92,187.07,9.2,0.31,81.72,2,1,9,2,3.0,2,3.99,1
551,804,4.57,7.98,10.35,7.88,0.0,0.0,0.34,0.0,14,3,52,1,1.0,0,4.27,0
552,397,4.34,9.53,7.38,7.3,491.66,103.82,1.34,50.72,6,2,42,2,2.0,1,3.93,0
553,829,4.2,9.67,14.49,6.11,0.0,0.0,1.25,0.0,11,7,45,4,2.0,0,4.07,0
554,322,7.38,6.73,13.16,2.54,0.0,0.0,0.0,0.0,8,4,40,1,2.0,0,4.14,0
555,984,15.98,5.92,1.0,2.54,504.89,28.94,2.31,27.65,4,2,31,1,1.0,0,3.05,1
556,507,17.98,9.25,14.79,6.27,270.38,9.4,2.35,14.37,7,5,45,0,0.0,0,5.0,0
557,737,12.09,10.17,7.93,2.51,0.0,0.0,2.76,0.0,11,4,49,0,1.0,0,4.9,0
558,875,13.83,8.75,16.41,4.75,0.0,0.0,1.12,0.0,3,7,35,3,,2,2.63,1
559,794,18.59,3.35,5.81,5.81,207.53,44.13,1.56,17.3,3,3,18,1,2.0,0,4.74,0
560,852,1.42,6.32,13.68,2.92,17.88,2.31,1.57,2.06,6,3,43,0,0.0,0,4.25,0
561,539,14.65,6.94,11.8,3.15,0.0,0.0,3.46,0.0,10,5,27,1,0.0,0,4.14,0
562,50,29.99,1.09,15.32,5.01,39.29,7.32,0.0,0.0,4,1,7,1,0.0,0,4.52,0
563,496,10.76,7.02,14.25,6.21,316.57,1.92,0.55,105.87,14,5,35,3,4.0,1,2.94,1
564,187,26.13,11.71,11.97,7.32,87.61,14.98,1.61,8.75,12,5,51,0,0.0,0,4.24,0
565,889,10.92,7.46,4.28,6.41,0.0,0.0,0.41,0.0,8,4,42,1,0.0,0,4.29,0
566,242,19.48,9.63,4.64,5.35,834.71,154.4,1.32,146.66,6,3,48,0,0.0,0,4.29,0
567,233,15.74,6.28,10.0,3.71,0.0,0.0,1.46,0.0,7,4,28,3,0.0,0,3.5,0
568,254,4.27,5.61,13.45,3.06,8.17,0.11,0.88,1.1,9,5,32,1,1.0,0,4.5,0
569,645,5.32,6.79,9.85,4.18,0.0,0.0,1.67,0.0,6,1,28,0,1.0,1,4.48,1
570,574,33.68,3.68,17.25,6.02,217.86,1.31,2.29,16.74,11,1,16,0,0.0,0,4.47,0
571,949,22.52,3.29,11.82,5.87,457.45,13.93,1.34,81.15,2,4,17,0,2.0,0,4.12,1
572,420,11.51,9.09,7.71,1.0,994.84,174.62,1.1,239.17,12,6,50,1,1.0,0,5.0,0
573,287,10.35,9.37,11.83,3.63,0.0,0.0,1.42,0.0,10,5,47,1,1.0,0,3.74,0
574,55,6.22,3.22,14.86,7.61,475.3,92.16,1.59,52.03,2,1,15,0,0.0,0,4.68,0
575,14,16.73,8.32,15.45,5.36,240.69,33.65,0.0,0.0,10,4,55,4,5.0,0,4.38,1
576,377,6.72,5.57,24.77,2.37,0.0,0.0,2.11,0.0,5,6,25,1,0.0,0,5.0,0
577,926,9.28,6.68,9.49,9.91,2448.74,157.43,1.1,227.96,7,3,28,1,0.0,0,4.46,0
578,527,7.35,7.0,13.06,5.14,0.0,0.0,2.99,0.0,19,6,35,1,0.0,0,4.58,0
579,894,21.56,8.39,16.06,5.97,363.69,76.91,2.25,18.45,15,3,49,2,,0,4.53,0
580,107,11.14,6.02,13.36,6.0,345.83,7.97,2.89,30.68,6,6,39,0,1.0,1,3.32,0
581,99,13.9,9.47,10.5,4.46,281.46,32.76,0.49,118.3,10,9,53,0,0.0,1,3.42,1
582,834,4.36,6.6,4.2,3.74,0.0,0.0,1.19,0.0,10,4,44,0,0.0,0,4.1,0
583,112,7.31,7.42,10.43,9.44,672.65,39.09,0.23,507.18,7,7,40,1,1.0,1,4.43,1
584,58,14.14,3.63,7.06,7.21,0.0,0.0,0.82,0.0,6,2,24,1,0.0,0,4.38,0
585,408,2.57,11.41,3.14,6.84,127.73,22.42,2.98,4.36,9,5,59,1,3.0,3,3.09,1
586,925,10.49,7.02,8.73,6.35,0.0,0.0,3.24,0.0,7,1,32,0,1.0,1,4.65,0
587,691,12.38,7.65,7.22,3.19,0.0,0.0,0.34,0.0,9,2,47,0,1.0,0,3.16,0
588,105,3.83,1.62,17.0,7.76,369.4,23.8,1.1,50.13,2,2,9,2,0.0,1,3.19,0
589,838,25.34,,17.11,3.51,934.98,95.8,1.52,182.31,6,2,23,1,0.0,0,2.88,1
590,844,16.16,9.02,8.08,5.77,36.22,0.07,2.24,4.26,8,8,49,1,1.0,2,4.21,1
591,802,11.08,6.55,11.94,1.92,630.67,103.62,0.0,0.0,7,3,42,1,0.0,0,4.2,0
592,903,6.85,0.82,2.35,1.12,174.0,11.57,0.0,0.0,0,2,6,1,2.0,1,4.43,1
593,245,2.46,8.5,10.53,5.84,0.0,0.0,2.14,0.0,9,8,44,1,1.0,0,4.19,0
594,979,24.03,4.39,15.89,3.58,61.7,2.3,0.0,0.0,7,2,23,1,1.0,0,4.81,0
595,325,8.59,9.47,18.45,1.22,49.02,8.84,1.11,9.72,9,4,38,2,1.0,0,4.18,0
596,803,3.21,5.57,9.22,6.28,0.0,0.0,1.78,0.0,7,3,29,2,1.0,1,4.13,1
597,582,6.68,6.33,19.81,9.44,369.23,71.28,2.06,19.02,8,6,25,2,1.0,1,4.04,0
598,781,17.41,8.87,4.41,7.98,260.12,2.63,1.44,35.36,13,10,44,1,0.0,0,4.44,0
599,630,14.96,3.47,6.01,4.69,0.0,0.0,1.2,0.0,5,3,23,2,0.0,0,5.0,0
600,644,4.75,3.22,17.76,5.22,0.0,0.0,2.53,0.0,5,1,19,0,0.0,0,3.36,0
601,618,26.99,5.29,23.53,6.98,366.89,24.98,1.91,20.72,9,3,42,2,2.0,0,4.21,0
602,780,3.17,7.95,16.46,7.44,0.0,0.0,0.89,0.0,8,5,47,0,0.0,0,4.36,0
603,740,30.8,2.34,13.26,4.51,295.68,17.4,1.64,35.65,4,1,20,1,,1,3.93,1
604,140,14.49,1.46,1.0,5.27,630.89,76.71,2.02,81.23,4,2,7,0,0.0,0,4.03,0
605,827,9.14,7.94,1.37,5.8,0.0,0.0,3.49,0.0,6,3,44,0,0.0,0,3.96,0
606,539,10.21,,14.28,6.31,0.0,0.0,2.46,0.0,4,1,17,0,1.0,0,,0
607,327,13.28,4.78,11.35,4.93,1902.6,274.42,2.94,70.54,8,4,27,1,1.0,0,4.21,0
608,517,18.39,0.97,6.86,4.96,323.39,59.48,0.93,106.98,3,1,7,0,1.0,0,5.0,0
609,967,1.98,4.03,13.89,7.96,15.27,2.33,1.02,2.01,10,5,24,1,1.0,1,4.19,0
610,858,6.49,5.78,14.19,7.62,0.0,0.0,1.34,0.0,5,4,35,0,1.0,1,3.74,0
611,834,12.96,8.22,19.17,6.15,0.0,0.0,1.44,0.0,8,2,34,1,2.0,0,4.55,0
612,466,27.69,3.79,14.32,8.64,0.0,0.0,0.49,0.0,3,2,26,0,0.0,0,4.31,0
613,785,26.98,10.11,20.87,4.43,725.95,5.95,2.99,25.14,13,7,53,1,0.0,0,4.99,0
614,389,35.09,4.02,13.55,8.45,0.0,0.0,2.57,0.0,5,0,22,2,1.0,0,3.61,1
615,688,26.11,4.02,12.81,6.29,,11.98,1.26,136.9,8,4,24,2,0.0,0,3.26,0
616,642,6.06,9.8,19.89,11.74,20.26,2.97,2.31,2.87,9,5,44,1,0.0,0,4.45,0
617,255,12.34,6.35,7.63,2.82,0.0,0.0,1.85,0.0,5,5,41,2,1.0,0,4.71,0
618,271,26.22,4.36,30.39,3.82,13.41,1.92,2.39,0.6,3,5,30,2,0.0,0,4.41,0
619,67,24.5,5.4,15.75,6.04,0.0,0.0,0.12,0.0,4,4,24,1,1.0,0,4.62,0
620,145,10.63,9.32,15.78,5.99,107.53,10.78,1.44,23.89,8,7,47,0,2.0,0,4.54,0
621,437,18.03,9.61,16.65,9.1,90.32,9.1,1.54,10.56,13,8,55,3,3.0,0,3.44,1
622,481,8.55,3.68,24.76,3.86,670.34,6.72,2.29,60.97,6,2,15,0,1.0,0,4.4,0
623,170,2.9,5.69,18.26,7.01,0.0,0.0,0.91,0.0,6,1,34,0,0.0,1,4.62,0
624,420,11.38,6.03,3.87,7.52,1039.32,146.58,0.0,0.0,9,0,31,0,0.0,0,4.34,0
625,606,10.85,3.24,21.92,6.61,666.53,80.07,0.41,190.42,6,4,15,2,2.0,1,3.18,1
626,237,8.21,5.66,11.45,3.28,1160.99,19.23,1.53,110.07,14,5,32,1,0.0,0,4.07,0
627,342,18.44,5.81,14.14,8.02,132.71,19.5,1.67,14.08,4,4,29,2,2.0,0,4.56,0
628,371,10.35,8.76,5.82,7.66,861.98,58.57,3.45,62.11,4,2,46,1,0.0,0,5.0,0
629,508,16.65,8.94,16.66,6.4,0.0,,2.24,0.0,13,5,50,0,,1,2.82,1
630,370,21.28,4.94,9.59,5.61,573.08,19.62,1.69,46.3,6,5,30,3,6.0,2,3.75,1
631,738,52.78,5.24,14.1,5.65,0.0,0.0,1.56,0.0,3,2,35,1,0.0,0,3.74,1
632,332,11.53,7.53,11.8,5.04,0.0,0.0,2.81,0.0,8,6,30,1,0.0,0,4.53,0
633,437,27.95,4.28,25.05,6.48,0.0,0.0,0.95,0.0,10,5,25,1,3.0,1,4.22,1
634,383,14.8,7.33,25.39,5.26,155.67,8.24,1.45,12.31,7,6,45,0,1.0,0,4.12,0
635,188,15.43,5.57,13.78,3.5,0.0,0.0,0.4,0.0,9,7,25,0,1.0,0,4.6,0
636,687,11.65,,13.88,3.1,337.62,21.28,3.16,14.61,7,2,18,3,2.0,0,4.88,0
637,240,13.85,3.31,11.26,3.7,0.0,0.0,2.03,0.0,5,4,24,2,1.0,1,3.81,1
638,301,10.42,9.56,20.14,5.64,0.0,0.0,0.82,0.0,10,5,45,2,,0,3.51,0
639,794,24.72,5.39,11.53,5.15,1341.43,113.78,1.47,114.81,7,3,23,0,0.0,0,5.0,0
640,949,6.71,10.06,10.97,5.63,,7.68,2.16,59.22,5,4,43,0,1.0,1,4.36,0
641,673,2.87,4.46,19.37,6.2,0.0,0.0,1.32,0.0,6,6,26,0,1.0,0,4.56,0
642,916,7.98,6.56,10.27,3.95,152.22,33.33,1.01,15.06,9,3,28,2,5.0,2,3.17,1
643,855,7.27,12.02,13.27,8.13,868.24,185.09,0.88,99.71,14,2,50,1,1.0,0,4.79,0
644,484,7.98,3.05,4.01,4.66,363.51,17.68,1.97,27.97,5,0,12,0,0.0,0,5.0,0
645,771,11.18,0.87,17.73,4.33,217.89,36.22,1.21,25.74,2,1,7,0,,0,4.18,0
646,333,8.0,9.15,25.15,6.16,956.11,72.56,1.1,93.58,16,6,46,1,,1,3.95,0
647,464,11.06,3.65,17.83,1.53,0.0,0.0,0.13,0.0,4,2,19,0,1.0,0,3.66,0
648,538,8.02,5.75,22.27,3.62,166.21,,1.69,11.67,2,5,24,1,1.0,0,3.85,0
649,960,16.91,4.28,8.42,7.16,146.29,16.12,1.4,30.22,7,2,25,4,4.0,1,3.31,1
650,849,52.47,6.5,14.92,1.73,57.12,6.78,1.25,8.72,9,5,40,2,1.0,1,3.97,1
651,492,14.58,3.33,7.84,7.44,23.2,4.22,1.82,1.38,2,2,26,1,0.0,1,3.71,0
652,655,8.31,5.33,12.13,8.22,183.92,13.62,2.42,9.06,9,2,28,1,2.0,0,4.46,0
653,207,0.8,6.97,18.13,4.46,167.55,24.59,2.37,8.62,10,6,38,2,0.0,0,3.76,0
654,805,41.46,,14.11,5.78,0.0,0.0,2.21,0.0,4,3,16,1,5.0,1,,1
655,556,15.19,3.98,5.02,7.44,649.46,6.1,1.34,82.34,1,2,24,2,2.0,0,3.73,1
656,535,10.98,4.9,5.61,4.27,0.0,0.0,0.98,0.0,7,1,30,0,1.0,0,4.35,0
657,767,0.88,2.09,5.21,6.94,74.33,15.54,0.45,19.0,4,0,16,0,0.0,0,3.35,0
658,635,11.44,4.7,16.45,3.86,50.28,5.35,0.95,10.49,7,2,28,1,2.0,1,3.98,1
659,78,13.77,6.11,25.88,4.24,327.15,7.79,1.62,25.89,13,3,32,1,1.0,0,4.1,0
660,293,8.05,4.76,21.67,3.6,0.0,0.0,0.74,0.0,5,6,23,1,4.0,1,4.0,1
661,182,3.5,5.09,2.12,5.89,733.3,155.42,1.71,48.24,4,3,23,0,0.0,0,3.34,0
662,736,3.26,5.75,22.03,7.52,0.0,0.0,0.54,0.0,4,4,30,2,2.0,0,4.61,0
663,41,41.89,4.1,19.12,4.83,1116.44,140.48,0.0,0.0,9,2,24,1,1.0,0,4.09,0
664,207,13.47,7.6,4.23,2.66,0.09,0.01,2.5,0.01,4,2,39,4,2.0,0,4.37,0
665,600,8.04,9.53,11.68,3.03,134.2,,1.08,31.38,8,5,41,1,0.0,0,3.22,0
666,696,12.87,4.59,20.07,5.99,2484.72,446.02,0.68,617.76,8,8,31,2,1.0,1,3.22,1
667,506,12.2,7.06,16.8,8.89,55.72,10.56,0.4,41.47,8,0,42,3,1.0,1,3.69,0
668,861,3.09,5.18,5.65,5.99,1142.49,205.81,2.07,57.42,7,3,31,1,1.0,0,5.0,0
669,919,23.61,6.75,17.16,4.43,169.49,16.98,3.11,5.85,8,1,26,1,4.0,0,4.54,0
670,138,10.75,9.87,1.0,6.73,361.2,9.44,1.16,93.43,12,1,55,0,0.0,0,4.32,0
671,952,13.61,7.12,12.16,4.72,182.66,22.87,1.36,15.11,10,5,33,2,1.0,0,3.74,0
672,617,32.96,1.19,20.33,4.44,691.86,23.81,2.78,37.94,1,1,10,0,2.0,0,3.64,1
673,638,3.61,6.98,13.61,3.28,0.0,0.0,0.0,0.0,8,6,43,0,1.0,0,4.4,0
674,101,6.4,9.01,10.51,8.02,0.0,0.0,3.76,0.0,11,7,41,0,1.0,2,3.94,0
675,624,15.79,5.22,18.84,1.0,0.0,0.0,4.29,0.0,6,3,30,0,0.0,0,4.36,0
676,727,23.29,8.39,19.35,6.8,195.73,36.78,0.0,0.0,13,4,35,2,2.0,1,4.84,0
677,583,7.41,4.01,21.36,4.27,73.49,12.66,1.49,16.31,5,2,26,0,,0,3.87,0
678,90,7.78,1.94,18.75,4.38,570.8,107.65,0.81,108.89,4,4,14,2,1.0,0,4.35,0
679,526,19.63,6.17,19.99,8.58,1237.32,206.9,1.31,98.03,11,6,30,0,0.0,1,2.97,0
680,936,49.82,1.23,17.9,3.77,0.0,0.0,1.14,0.0,5,1,9,2,1.0,0,4.37,1
681,725,13.19,5.18,15.09,3.84,0.0,0.0,2.49,0.0,8,5,34,2,0.0,0,5.0,0
682,143,6.38,9.15,14.04,4.94,0.0,0.0,1.48,0.0,12,5,50,1,1.0,0,3.68,0
683,960,4.8,0.83,12.08,6.03,2822.89,74.82,0.6,501.92,3,2,8,2,1.0,0,4.71,0
684,959,11.15,2.47,6.23,4.32,297.12,3.83,1.41,39.82,9,3,15,0,0.0,0,5.0,0
685,175,22.56,3.12,7.77,2.05,401.84,13.83,2.17,23.38,5,0,11,0,1.0,0,,1
686,802,60.0,5.64,11.81,3.47,0.0,0.0,0.3,0.0,5,2,32,1,1.0,0,4.51,1
687,410,9.72,4.85,14.95,7.76,152.96,25.03,0.0,0.0,6,4,30,0,0.0,0,5.0,0
688,596,13.21,9.44,22.14,5.35,421.32,87.94,3.79,32.24,7,4,55,2,3.0,1,4.03,1
689,449,37.36,8.28,13.25,6.1,63.33,13.64,0.89,12.45,9,4,44,1,1.0,1,4.33,1
690,784,15.6,7.09,19.52,4.68,932.88,183.33,1.45,123.34,8,3,33,1,0.0,0,3.27,0
691,996,14.65,6.18,19.98,3.88,3821.76,111.76,1.16,416.08,7,6,40,0,1.0,0,4.58,0
692,796,32.68,6.82,12.11,8.56,0.0,0.0,2.2,0.0,6,10,29,2,2.0,2,3.83,1
693,931,13.45,3.56,17.07,4.82,0.0,0.0,3.55,0.0,4,2,21,0,1.0,0,3.52,0
694,946,5.19,8.03,12.04,4.31,0.0,0.0,2.24,0.0,17,5,27,0,1.0,1,3.37,0
695,96,28.31,2.91,21.43,7.39,1760.62,58.75,0.0,0.0,3,3,20,1,1.0,0,4.58,0
696,258,2.55,7.97,17.32,3.76,894.08,22.97,0.08,0.0,9,7,28,1,1.0,1,3.73,0
697,723,25.14,8.88,6.36,4.01,102.3,20.79,1.16,10.57,4,3,48,2,2.0,1,4.51,0
698,592,12.42,6.35,14.47,5.22,168.45,6.44,1.3,15.09,12,6,40,0,1.0,2,3.72,1
699,56,9.81,5.34,23.39,5.2,0.0,0.0,0.0,0.0,6,5,22,1,1.0,0,4.28,0
700,101,9.6,6.84,12.41,5.72,,73.47,2.5,73.27,10,2,38,0,0.0,0,4.16,0
701,523,11.12,0.0,16.19,9.38,25.92,0.71,0.41,9.33,1,0,2,4,4.0,1,4.06,1
702,618,8.68,6.59,16.78,5.87,61.04,0.28,3.24,3.16,8,3,31,1,2.0,0,4.69,0
703,173,17.29,5.51,7.28,1.0,491.58,107.51,3.6,13.73,5,4,26,2,0.0,0,4.54,0
704,177,8.94,5.67,16.56,5.85,84.29,16.26,1.33,8.38,3,5,37,2,0.0,0,4.02,0
705,135,12.49,7.64,5.14,5.28,68.95,13.84,2.08,3.47,12,5,35,1,1.0,0,4.93,0
706,567,1.47,5.61,9.75,5.29,157.72,9.87,0.24,160.33,2,2,33,0,0.0,0,4.61,0
707,14,12.43,2.84,19.95,5.69,643.69,31.17,2.29,45.74,3,5,18,1,3.0,1,4.11,1
708,575,8.54,5.43,15.64,5.14,1843.29,172.7,1.05,208.56,7,6,36,1,3.0,2,3.6,1
709,479,23.88,5.98,11.67,5.09,474.5,47.32,0.4,210.65,8,3,35,2,4.0,0,4.53,1
710,469,10.14,6.1,16.18,6.43,,0.8,1.28,68.36,7,2,44,0,0.0,0,3.24,0
711,681,21.53,6.22,13.14,4.12,80.35,13.77,1.09,11.22,9,4,38,1,0.0,1,4.03,0
712,525,19.84,8.5,13.58,3.3,0.0,0.0,1.24,0.0,10,7,52,1,0.0,0,5.0,0
713,729,20.22,2.98,17.44,11.25,525.87,61.17,2.64,47.15,4,2,24,0,0.0,0,4.37,0
714,765,10.43,6.26,9.14,3.77,228.78,19.54,0.74,32.55,7,3,26,3,0.0,0,4.3,0
715,920,13.06,9.15,13.74,5.4,0.0,0.0,3.51,0.0,5,4,53,3,4.0,0,3.92,1
716,800,16.96,1.29,11.63,2.21,40.59,0.86,0.14,0.0,4,2,14,0,0.0,0,4.52,0
717,521,13.37,6.27,3.99,5.43,121.33,7.1,3.38,5.36,7,2,33,2,1.0,1,3.79,1
718,495,10.16,4.28,7.98,3.33,0.0,0.0,0.48,0.0,3,3,29,0,1.0,0,4.97,0
719,241,5.65,4.84,22.91,4.32,1525.32,144.92,1.6,97.89,6,3,19,3,1.0,0,3.78,0
720,602,12.61,3.45,15.81,7.29,401.87,48.19,1.06,40.39,9,1,20,2,1.0,0,,0
721,145,2.88,5.36,5.56,6.14,1342.68,250.81,1.22,112.01,7,6,29,0,1.0,0,3.92,0
722,931,1.33,10.59,4.26,6.34,275.01,13.63,2.48,11.11,19,4,53,1,0.0,1,4.91,0
723,846,4.5,2.51,12.83,1.66,187.64,1.14,3.25,7.51,4,0,19,1,0.0,0,4.15,0
724,125,20.06,2.76,22.87,8.87,0.0,0.0,2.91,0.0,4,2,15,2,4.0,1,3.6,1
725,787,14.88,2.41,12.38,2.82,158.27,4.67,1.15,15.31,7,3,12,1,0.0,0,3.1,0
726,123,20.2,10.29,21.34,8.26,158.73,19.92,1.8,27.81,6,4,42,0,2.0,0,3.75,0
727,723,6.93,4.6,15.61,7.24,0.0,0.0,0.74,0.0,3,2,21,0,0.0,0,4.54,0
728,94,25.57,5.73,16.33,6.35,0.0,0.0,0.51,0.0,10,4,32,1,1.0,0,4.54,0
729,491,3.27,4.75,5.49,3.49,41.99,5.87,0.34,16.06,8,3,26,2,1.0,0,3.89,1
730,660,4.66,3.34,19.13,5.5,360.01,31.93,1.12,57.28,4,4,24,2,0.0,0,3.92,0
731,730,25.27,5.19,11.49,4.26,389.92,13.25,1.87,37.27,10,5,29,0,1.0,0,5.0,0
732,422,14.09,12.19,18.68,5.26,0.0,0.0,0.0,0.0,9,1,60,0,1.0,0,5.0,0
733,922,20.29,9.42,8.61,4.7,394.75,28.87,1.55,42.71,9,8,47,1,1.0,0,4.88,0
734,775,14.92,3.58,14.56,1.12,86.27,16.51,3.27,4.51,4,1,23,2,,0,5.0,0
735,213,7.81,7.48,15.61,7.44,0.0,0.0,2.83,0.0,8,4,36,0,1.0,0,5.0,0
736,673,4.14,3.64,12.58,5.04,0.0,0.0,0.96,0.0,4,4,22,0,0.0,0,5.0,0
737,732,1.84,1.18,15.93,4.23,936.77,59.52,0.06,0.0,3,2,12,0,0.0,0,4.08,0
738,338,39.47,8.45,11.9,4.08,0.0,0.0,2.11,0.0,16,8,49,3,3.0,0,3.77,1
739,740,2.44,8.82,9.61,5.92,201.55,40.73,0.0,0.0,11,5,52,1,4.0,2,4.56,1
740,899,31.94,8.52,23.13,3.41,1718.96,19.04,2.82,161.21,5,8,43,0,1.0,0,,0
741,818,13.51,4.58,19.79,1.0,0.0,0.0,1.37,0.0,1,1,23,0,0.0,0,3.68,0
742,764,15.26,5.37,8.93,6.01,154.3,6.21,3.61,10.36,3,4,31,0,0.0,0,3.7,0
743,637,14.53,7.75,16.91,6.24,0.0,0.0,0.0,0.0,14,2,41,0,0.0,0,4.18,0
744,275,18.53,6.82,9.04,4.8,1803.36,207.68,2.61,100.61,6,5,33,1,0.0,1,2.81,1
745,796,6.35,4.78,6.39,2.9,121.17,16.68,1.49,10.85,8,1,19,0,1.0,0,3.46,0
746,368,1.09,1.59,19.7,5.38,172.68,13.59,1.24,23.32,3,1,15,0,1.0,0,3.91,0
747,535,7.67,6.1,3.28,2.27,1312.9,19.84,0.09,0.0,4,5,28,0,1.0,0,3.59,0
748,319,17.42,8.61,19.06,3.15,531.71,100.15,2.26,55.26,15,2,46,0,1.0,0,4.83,0
749,317,4.71,2.69,11.98,3.7,0.0,0.0,2.34,0.0,5,3,22,0,1.0,0,4.25,0
750,163,26.01,7.46,12.23,6.89,0.0,0.0,3.56,0.0,5,4,44,0,1.0,0,4.57,0
751,961,11.28,6.66,15.96,4.47,411.78,51.88,2.71,19.84,8,4,27,1,0.0,1,4.16,0
752,153,4.29,7.75,16.99,4.3,0.0,0.0,0.95,0.0,6,1,40,0,1.0,0,4.14,0
753,92,13.98,8.07,8.54,9.11,0.0,0.0,0.5,0.0,11,4,32,1,0.0,0,4.79,0
754,936,17.21,3.99,17.81,5.9,132.51,23.33,0.09,0.0,5,4,19,1,1.0,1,4.15,0
755,558,18.11,1.6,14.18,5.88,0.0,0.0,3.22,0.0,4,0,11,3,2.0,1,3.72,1
756,441,25.29,4.41,5.96,4.46,1781.0,94.63,0.74,486.96,3,2,25,1,2.0,1,2.97,1
757,739,3.0,8.11,12.48,4.01,231.44,17.75,3.23,21.61,13,5,36,1,1.0,0,4.54,0
758,387,25.31,4.39,21.79,1.0,0.0,0.0,2.18,0.0,3,5,26,1,0.0,0,3.56,0
759,134,26.93,4.0,23.56,7.14,0.0,0.0,1.96,0.0,5,2,20,1,3.0,2,3.76,1
760,731,4.14,,17.8,6.1,0.0,0.0,1.26,0.0,4,1,6,0,1.0,0,4.29,0
761,181,5.01,10.36,6.36,4.84,0.0,0.0,2.33,0.0,7,3,57,1,1.0,0,3.5,0
762,556,21.02,7.95,16.44,4.93,864.68,115.46,1.58,124.92,9,2,34,0,2.0,1,4.04,1
763,949,8.99,7.8,18.61,6.67,3508.54,750.62,1.19,324.93,6,5,41,0,,0,4.36,0
764,936,29.67,8.32,17.85,2.09,584.14,48.13,2.37,72.68,7,8,42,2,1.0,2,3.66,1
765,365,35.36,7.3,18.21,4.02,117.95,1.69,1.44,14.12,12,3,43,2,2.0,0,4.33,1
766,781,4.29,5.16,15.68,2.93,11.92,1.41,0.72,1.84,9,3,24,0,1.0,0,3.89,0
767,615,6.23,5.37,13.07,8.74,0.0,0.0,2.26,0.0,10,3,32,1,2.0,0,4.58,0
768,483,13.44,4.69,9.85,6.95,2914.55,89.51,1.53,498.13,4,4,22,0,,0,3.87,0
769,145,1.04,12.65,2.11,1.0,84.04,10.22,2.14,8.09,9,8,64,1,0.0,1,3.31,1
770,380,1.91,7.25,15.54,2.17,3096.36,134.72,1.1,390.68,7,5,30,0,1.0,0,4.62,0
771,654,5.6,4.59,14.62,4.94,1375.42,255.61,0.27,800.0,3,7,22,2,3.0,1,4.42,1
772,986,43.61,7.01,16.85,4.26,0.0,0.0,3.51,0.0,6,2,35,1,1.0,0,4.58,0
773,11,15.03,3.17,5.47,2.55,0.0,0.0,3.3,0.0,6,4,15,1,1.0,0,4.14,0
774,719,7.18,9.71,17.37,9.09,0.0,0.0,2.57,0.0,8,4,51,1,1.0,0,3.18,0
775,847,4.97,4.08,25.83,5.83,122.47,26.4,1.17,22.27,6,4,28,0,1.0,0,5.0,0
776,951,4.1,7.1,13.97,6.15,129.82,3.69,1.27,11.67,12,6,36,1,1.0,1,2.82,1
777,427,7.64,8.57,13.13,3.82,,632.83,3.12,433.95,13,4,44,0,0.0,0,4.57,0
778,124,7.27,6.8,15.35,6.64,0.0,0.0,1.21,0.0,5,4,37,0,0.0,1,5.0,0
779,276,10.35,6.05,25.69,4.44,257.23,4.8,0.9,46.77,5,2,28,1,2.0,3,3.28,1
780,851,17.81,5.83,7.36,4.63,497.33,41.87,3.66,37.3,7,4,32,1,1.0,0,4.41,0
781,878,11.66,5.65,14.72,6.42,152.8,8.78,1.55,16.23,7,1,45,2,1.0,1,4.11,1
782,639,21.91,4.3,8.7,1.94,200.42,41.98,3.55,8.63,4,2,32,1,3.0,2,3.66,1
783,128,9.76,4.63,10.22,8.39,0.0,0.0,0.06,0.0,2,7,29,0,0.0,0,5.0,0
784,128,37.17,9.65,13.2,5.56,198.76,33.35,2.17,10.51,14,5,53,4,4.0,1,3.44,1
785,481,21.53,5.52,21.58,7.76,422.77,35.97,3.88,11.63,9,2,35,1,1.0,0,3.72,0
786,591,14.72,3.76,24.31,3.05,309.81,8.98,1.63,22.3,2,3,24,2,2.0,0,4.07,1
787,39,17.85,4.46,16.19,3.35,463.51,88.02,1.31,49.99,6,5,23,3,0.0,0,5.0,0
788,688,7.82,8.66,11.24,2.88,1406.74,0.13,0.32,656.71,7,5,47,2,4.0,1,3.58,1
789,547,10.21,7.56,28.46,5.7,779.64,9.6,2.79,37.19,8,3,45,1,1.0,1,4.14,0
790,19,9.9,7.26,10.93,5.33,183.24,14.69,0.75,48.53,10,4,32,0,0.0,0,4.84,0
791,102,6.45,5.13,10.07,4.27,0.0,0.0,1.5,0.0,6,6,32,3,1.0,0,4.68,0
792,458,3.41,7.29,2.85,3.17,0.0,0.0,0.24,0.0,5,5,32,0,1.0,1,4.46,0
793,724,18.56,4.13,21.88,2.67,73.88,1.08,3.31,4.58,5,6,28,1,0.0,0,5.0,0
794,826,24.37,5.13,19.31,5.1,269.23,18.83,2.87,10.06,9,3,30,1,1.0,0,4.42,0
795,435,16.69,8.32,28.01,4.27,,0.0,1.57,0.0,13,4,32,2,4.0,1,3.65,1
796,300,11.63,8.07,5.16,3.83,0.0,0.0,0.33,0.0,9,6,36,1,1.0,0,4.33,0
797,968,48.53,3.25,22.25,8.29,0.0,0.0,3.29,0.0,5,4,26,3,2.0,1,3.71,1
798,462,7.1,3.58,13.92,5.04,0.0,0.0,1.2,0.0,4,3,25,0,0.0,1,5.0,0
799,320,15.1,6.08,18.34,7.74,68.95,4.36,0.38,56.15,7,2,31,0,0.0,0,3.96,0
800,446,26.83,10.29,3.61,4.13,0.0,0.0,0.0,0.0,8,4,49,2,1.0,0,4.52,1
