最近一次消费天数,月消费频率,平均单次消费金额,单次平均到店时长,是否参与团课,会员等级,标签
71.0,1.0,105.01,39.41,是,白银,2
74.0,2.0,89.66,21.47,否,白银,2
25.0,4.0,121.69,34.69,否,普通,1
50.0,1.0,86.3,23.19,否,白银,2
76.0,0.0,100.65,33.65,否,普通,2
,,,,,,2
10.0,8.0,135.27,79.76,是,白银,0
40.0,0.0,76.69,32.32,否,普通,2
70.0,0.0,103.58,30.68,否,普通,2
,,,,,,2
70.0,1.0,56.34,26.65,否,普通,2
34.0,2.0,101.28,39.45,是,普通,1
36.0,0.0,71.61,34.97,否,普通,2
27.0,4.0,125.64,41.29,否,普通,1
2.0,5.0,124.12,77.3,是,钻石,0
7.0,10.0,179.96,68.52,是,钻石,0
38.0,1.0,76.93,33.03,否,白银,1
11.0,12.0,149.31,81.06,是,黄金,0
7.0,12.0,185.21,44.09,是,钻石,0
7.0,11.0,162.16,62.06,是,钻石,0
17.0,3.0,84.41,47.15,是,普通,1
10.0,6.0,203.9,52.17,是,白银,0
26.0,2.0,125.88,42.33,否,普通,1
38.0,0.0,129.93,59.14,否,普通,2
35.0,2.0,89.68,40.02,否,普通,1
35.0,2.0,86.83,19.64,是,普通,2
4.0,10.0,213.04,71.95,是,白银,0
4.0,5.0,138.24,101.93,否,白银,0
3.0,12.0,171.55,67.65,是,白银,0
8.0,5.0,123.23,50.83,否,钻石,0
47.0,2.0,95.72,43.06,否,普通,2
37.0,1.0,148.39,47.2,否,普通,1
1.0,11.0,154.61,64.25,是,白银,0
4.0,7.0,179.3,64.08,是,黄金,0
3.0,6.0,162.72,79.66,是,钻石,0
77.0,1.0,72.44,26.66,否,普通,2
7.0,5.0,174.66,62.74,是,钻石,0
52.0,2.0,86.91,23.04,是,普通,2
36.0,1.0,112.26,47.74,否,白银,1
75.0,2.0,60.73,24.09,是,普通,2
48.0,2.0,47.05,28.37,否,白银,2
22.0,2.0,88.08,43.87,否,普通,1
4.0,6.0,127.1,97.55,是,黄金,0
23.0,1.0,153.22,33.16,是,黄金,1
3.0,7.0,155.99,49.38,是,黄金,0
12.0,5.0,174.15,85.19,是,黄金,0
33.0,4.0,91.96,48.8,是,普通,1
9.0,9.0,171.58,58.55,是,钻石,0
2.0,11.0,167.88,77.2,是,白银,0
48.0,2.0,80.57,32.64,否,白银,2
12.0,9.0,164.58,92.07,是,黄金,0
21.0,2.0,100.7,23.92,否,普通,1
27.0,2.0,101.79,44.26,否,普通,1
71.0,2.0,124.65,41.77,否,白银,2
46.0,2.0,84.07,30.67,否,普通,2
9.0,10.0,154.28,87.57,是,钻石,0
8.0,12.0,157.99,52.42,否,钻石,0
89.0,2.0,69.73,30.33,否,普通,2
19.0,1.0,138.88,52.31,否,普通,1
85.0,2.0,122.32,10.0,否,普通,2
11.0,5.0,171.05,82.7,否,钻石,0
11.0,12.0,167.03,74.06,是,黄金,0
14.0,6.0,189.99,54.12,是,钻石,0
38.0,4.0,115.06,55.13,否,黄金,1
81.0,2.0,101.08,53.28,否,普通,2
15.0,3.0,112.7,60.71,否,普通,1
22.0,2.0,120.99,51.29,否,普通,1
37.0,2.0,80.56,34.59,是,白银,2
42.0,1.0,105.2,32.29,是,普通,2
12.0,11.0,184.62,64.09,是,黄金,0
3.0,5.0,100.21,50.55,是,白银,0
10.0,11.0,151.45,72.97,是,白银,0
7.0,6.0,200.61,71.38,否,黄金,0
37.0,0.0,82.84,38.04,否,普通,2
1.0,9.0,174.24,68.03,是,黄金,0
11.0,6.0,127.91,60.19,否,钻石,0
26.0,1.0,143.02,40.89,否,白银,1
26.0,4.0,119.58,43.43,否,普通,1
14.0,6.0,164.81,86.14,是,钻石,0
39.0,2.0,89.17,25.93,否,普通,1
5.0,8.0,218.12,86.59,是,钻石,0
65.0,1.0,93.71,36.19,否,普通,2
28.0,3.0,174.94,47.68,否,白银,1
81.0,1.0,86.59,22.21,否,白银,2
16.0,1.0,126.64,58.02,是,普通,1
7.0,6.0,188.07,42.53,是,白银,0
57.0,1.0,107.9,22.81,是,普通,2
39.0,2.0,98.7,24.4,否,普通,2
38.0,3.0,107.85,54.49,否,普通,1
6.0,11.0,208.87,55.45,否,白银,0
8.0,8.0,146.72,91.83,否,黄金,0
37.0,1.0,86.47,39.62,是,普通,1
3.0,8.0,194.43,34.09,是,黄金,0
81.0,1.0,86.42,27.47,否,普通,2
33.0,3.0,126.57,49.62,否,白银,1
55.0,1.0,83.86,22.46,否,普通,2
36.0,3.0,87.78,44.15,否,白银,1
1.0,7.0,182.18,67.61,否,黄金,0
2.0,9.0,157.96,73.93,是,钻石,0
79.0,1.0,114.96,27.47,否,普通,2
69.0,2.0,68.56,37.14,否,普通,2
39.0,3.0,150.28,30.33,是,白银,1
70.0,1.0,56.96,17.19,否,普通,2
82.0,1.0,54.5,35.15,否,普通,2
28.0,4.0,123.53,54.16,是,普通,1
6.0,5.0,167.06,48.64,否,白银,0
56.0,2.0,94.83,23.86,否,白银,2
14.0,9.0,141.41,77.07,是,白银,0
49.0,0.0,41.74,46.11,否,普通,2
,,,,,,1
7.0,10.0,180.98,100.79,是,黄金,0
2.0,9.0,108.08,72.47,否,钻石,0
2.0,7.0,126.89,78.81,是,钻石,0
37.0,2.0,101.91,24.7,否,普通,1
5.0,12.0,108.83,45.77,否,钻石,0
46.0,1.0,95.45,22.86,否,普通,2
5.0,11.0,171.55,76.3,否,钻石,0
36.0,2.0,141.29,38.74,否,黄金,1
60.0,0.0,105.82,44.98,否,白银,2
38.0,2.0,133.8,17.98,是,普通,1
9.0,5.0,132.55,66.98,是,黄金,0
9.0,8.0,191.48,55.36,是,黄金,0
20.0,2.0,109.66,53.42,否,普通,1
21.0,2.0,70.91,53.23,否,白银,1
4.0,7.0,91.58,47.55,是,黄金,0
4.0,12.0,125.8,53.21,是,黄金,0
5.0,6.0,168.34,72.37,是,黄金,0
10.0,9.0,190.05,87.82,是,白银,0
4.0,11.0,213.93,77.74,否,白银,0
4.0,12.0,129.55,100.73,否,黄金,0
43.0,0.0,102.79,34.43,否,普通,2
12.0,5.0,170.22,43.25,是,黄金,0
81.0,2.0,124.58,43.59,否,普通,2
11.0,6.0,127.2,75.95,是,白银,0
13.0,5.0,213.93,83.41,是,白银,0
57.0,1.0,68.35,28.49,是,普通,2
5.0,10.0,106.4,68.16,是,黄金,0
81.0,0.0,73.1,19.16,否,普通,2
76.0,1.0,87.36,17.56,否,普通,2
1.0,11.0,167.59,62.44,是,白银,0
19.0,3.0,116.83,31.33,是,普通,1
89.0,2.0,66.76,10.0,否,白银,2
25.0,3.0,140.35,12.93,否,白银,1
11.0,12.0,137.41,56.58,是,黄金,0
60.0,0.0,128.1,30.36,否,白银,2
30.0,2.0,189.47,55.22,否,白银,1
62.0,1.0,108.17,30.31,否,普通,2
5.0,10.0,101.89,80.0,是,黄金,0
67.0,2.0,76.13,38.31,否,普通,2
26.0,2.0,116.97,32.91,否,白银,1
37.0,1.0,109.69,42.35,否,白银,1
40.0,2.0,67.78,18.28,是,普通,2
,,,,,,0
2.0,7.0,150.65,85.74,是,钻石,0
12.0,7.0,171.69,71.54,否,黄金,0
57.0,0.0,85.49,17.23,否,白银,2
10.0,8.0,176.67,60.67,是,白银,0
76.0,1.0,100.59,43.63,否,普通,2
39.0,2.0,78.57,28.34,否,普通,2
35.0,2.0,111.89,45.07,否,普通,1
43.0,0.0,101.79,18.49,否,普通,2
3.0,12.0,186.59,77.36,是,黄金,0
31.0,1.0,36.74,49.59,否,普通,1
12.0,12.0,125.13,59.32,是,钻石,0
16.0,4.0,120.2,64.4,否,普通,1
33.0,1.0,75.88,41.93,是,普通,1
7.0,6.0,156.81,73.35,否,黄金,0
74.0,1.0,81.75,15.83,否,白银,2
8.0,6.0,182.07,75.62,是,黄金,0
76.0,2.0,102.09,26.97,否,普通,2
74.0,1.0,116.3,28.9,否,普通,2
33.0,4.0,130.59,44.29,是,普通,1
21.0,1.0,118.51,53.04,否,白银,1
13.0,7.0,203.27,62.49,否,黄金,0
44.0,0.0,84.52,26.63,否,普通,2
75.0,0.0,102.32,10.0,否,普通,2
5.0,10.0,191.37,87.81,是,钻石,0
8.0,8.0,159.96,84.79,是,白银,0
53.0,0.0,109.48,36.99,否,普通,2
6.0,12.0,176.28,55.67,否,钻石,0
47.0,2.0,138.9,16.23,否,普通,2
5.0,7.0,173.34,67.69,是,白银,0
66.0,0.0,88.79,19.28,否,白银,2
10.0,11.0,126.56,66.56,否,黄金,0
1.0,8.0,244.28,61.2,否,黄金,0
9.0,11.0,161.86,71.66,是,黄金,0
66.0,0.0,84.47,24.04,否,普通,2
35.0,2.0,114.53,45.79,否,白银,2
5.0,8.0,178.42,78.98,是,黄金,0
72.0,2.0,74.11,43.04,否,普通,2
44.0,1.0,85.19,31.02,否,普通,2
5.0,9.0,130.34,76.75,是,黄金,0
40.0,0.0,84.6,47.71,否,普通,2
49.0,2.0,84.74,23.14,是,普通,2
67.0,0.0,90.74,29.11,否,普通,2
25.0,1.0,96.42,45.17,是,普通,1
,,,,,,0
44.0,1.0,92.21,30.01,否,白银,2
9.0,6.0,149.1,66.18,是,钻石,0
24.0,4.0,155.04,40.06,是,白银,1
30.0,2.0,85.05,43.98,否,白银,1
33.0,2.0,120.44,29.15,否,白银,1
6.0,5.0,118.71,65.26,是,黄金,0
,,,,,,2
26.0,1.0,86.84,62.82,是,普通,1
28.0,1.0,107.44,37.19,是,普通,1
8.0,7.0,168.93,83.3,是,白银,0
73.0,0.0,62.44,11.89,否,普通,2
87.0,2.0,115.81,34.11,否,普通,2
16.0,2.0,95.58,51.71,否,普通,1
52.0,1.0,91.73,33.27,否,普通,2
4.0,6.0,206.56,89.15,是,黄金,0
25.0,2.0,111.7,40.05,否,普通,1
4.0,8.0,205.5,58.05,是,钻石,0
14.0,7.0,158.84,96.09,是,钻石,0
36.0,1.0,98.82,44.41,是,白银,1
44.0,1.0,101.87,45.37,否,普通,2
85.0,1.0,90.47,24.0,否,普通,2
5.0,10.0,94.88,39.79,是,黄金,0
86.0,0.0,89.54,50.04,否,普通,2
7.0,11.0,96.12,73.86,否,白银,0
81.0,0.0,70.69,30.53,否,普通,2
62.0,1.0,84.98,10.0,否,普通,2
18.0,2.0,80.5,54.65,否,普通,1
11.0,11.0,153.91,75.64,是,钻石,0
9.0,10.0,159.33,46.56,是,钻石,0
,,,,,,1
45.0,1.0,98.24,48.59,是,普通,2
83.0,1.0,74.04,34.28,是,普通,2
61.0,2.0,96.54,22.68,否,白银,2
5.0,12.0,121.24,75.29,否,黄金,0
16.0,4.0,99.74,41.95,否,普通,1
50.0,0.0,82.41,33.77,否,普通,2
,,,,,,2
13.0,11.0,176.68,72.66,否,白银,0
77.0,1.0,83.65,28.35,否,普通,2
11.0,5.0,170.09,56.26,否,钻石,0
5.0,6.0,103.86,97.93,是,钻石,0
82.0,2.0,113.65,26.76,否,普通,2
3.0,9.0,167.68,79.78,是,黄金,0
82.0,1.0,58.64,42.61,否,普通,2
6.0,8.0,189.13,70.42,否,钻石,0
9.0,7.0,165.44,56.33,是,黄金,0
84.0,0.0,84.58,20.71,是,普通,2
15.0,3.0,99.0,10.0,否,普通,1
39.0,1.0,75.23,62.26,否,普通,1
35.0,1.0,83.87,24.07,是,白银,2
33.0,4.0,146.68,43.63,否,白银,1
7.0,10.0,188.89,59.13,是,黄金,0
55.0,1.0,64.27,16.4,否,普通,2
6.0,6.0,159.6,36.09,否,黄金,0
2.0,12.0,148.28,95.59,是,钻石,0
75.0,2.0,105.55,21.91,否,普通,2
6.0,7.0,141.51,69.66,是,钻石,0
6.0,8.0,169.68,52.75,否,黄金,0
50.0,0.0,116.5,33.3,否,普通,2
13.0,11.0,219.93,71.99,是,黄金,0
13.0,7.0,109.53,73.15,否,钻石,0
15.0,4.0,78.3,12.0,否,黄金,1
54.0,1.0,113.97,28.3,否,普通,2
26.0,3.0,134.54,31.02,是,普通,1
38.0,2.0,71.39,45.16,否,普通,2
33.0,2.0,144.1,42.16,是,白银,1
4.0,6.0,112.99,59.13,否,黄金,0
35.0,2.0,75.43,37.72,否,普通,2
77.0,0.0,73.67,18.53,否,普通,2
,,,,,,2
66.0,1.0,60.93,17.38,是,普通,2
83.0,0.0,113.79,28.47,否,普通,2
23.0,3.0,51.39,56.31,是,普通,1
33.0,4.0,105.65,36.25,否,普通,1
21.0,4.0,149.44,32.19,否,普通,1
18.0,1.0,102.19,61.3,是,白银,1
64.0,2.0,95.76,27.48,否,普通,2
63.0,1.0,148.28,12.23,否,普通,2
12.0,10.0,182.86,87.63,否,白银,0
38.0,0.0,97.5,40.78,否,普通,2
68.0,0.0,95.66,40.85,否,普通,2
45.0,1.0,60.58,35.03,否,普通,2
14.0,6.0,161.6,68.21,是,黄金,0
87.0,2.0,115.46,35.36,否,普通,2
5.0,11.0,107.21,81.28,否,白银,0
23.0,3.0,154.96,59.3,是,普通,1
40.0,0.0,76.03,29.11,否,白银,2
4.0,11.0,111.55,84.83,是,白银,0
7.0,6.0,129.24,61.93,是,黄金,0
12.0,11.0,167.44,67.88,否,黄金,0
64.0,0.0,62.36,24.68,否,普通,2
78.0,0.0,55.25,32.04,否,普通,2
24.0,3.0,115.92,67.83,否,白银,1
1.0,12.0,142.57,35.86,是,黄金,0
44.0,2.0,78.33,24.72,否,普通,2
3.0,5.0,140.12,98.84,是,黄金,0
75.0,1.0,91.47,30.38,否,普通,2
38.0,3.0,97.09,55.98,否,普通,1
77.0,0.0,82.23,44.77,否,普通,2
70.0,2.0,78.46,33.14,否,普通,2
70.0,2.0,76.87,24.34,否,普通,2
26.0,3.0,84.23,45.85,否,白银,1
68.0,0.0,68.96,28.56,是,普通,2
