lambda,广告投放费用,线上曝光量,线下地推费用,铺货门店数,渠道覆盖率,货架占比,本品定价,竞品均价,促销折扣率,赠品数量,品牌知名度,产品好评率,节假日影响,区域消费水平,社群触达人数
0.0,2.6564007604462216,52.30298744766544,56.37186117417059,206.9311645126599,-122.68373252671489,5.966142720231122,-10.60564140109445,-23.715709880228083,-15.670863860656576,27.32039201403297,6.583535280591502,-54.61963752984821,-2.314473692153406,19.30148550390122,25.271175941763005
0.5025125628140703,5.140564825529149,52.013360052039424,54.11551050869409,152.2824632444924,-68.10526325372511,4.5299887037797975,-10.132709337841488,-18.92496674488496,-16.214285881599036,17.483059576397523,5.9399797839180275,-49.98111807928301,0.1738969998103692,19.010659746467077,18.121175538474372
1.0050251256281406,8.421116368876925,50.03953848780427,52.55921815666524,123.72915795572,-42.26497549961665,6.529924231398902,-10.313969572582279,-15.476341365545837,-16.18680376611512,12.211542711947263,5.651121208261639,-47.495310880258124,1.765453096147867,18.944764578287533,14.4537826095513
1.507537688442211,11.064811975850006,48.31320913127908,51.299340820276605,105.95995573356925,-27.203867163613264,8.723648555817665,-10.403144303249093,-13.095915135950749,-15.996897363665393,8.889644459150718,5.495067413368909,-45.83434852098866,2.8382548370166307,18.871908585677627,12.196413835652043
2.0100502512562812,13.138547234709037,46.92978766227618,50.216327078731545,93.77362222923375,-17.36096728804863,10.625352206531053,-10.379667038386897,-11.386525283395757,-15.752846238582253,6.594523603590395,5.407503424904904,-44.58192805794448,3.5976634452667366,18.769868098755328,10.659773255472794
2.5125628140703515,14.788910433647414,45.818099418971144,49.25615874277867,84.86975212181137,-10.441709885075708,12.200894446802813,-10.27933298497941,-10.107029319523535,-15.492279116382674,4.909676177128477,5.35993298342364,-43.56475550869909,4.153991654724349,18.642871657084456,9.543959940224095
3.015075376884422,16.12771208590043,44.90808954572189,48.38879940554579,78.0647645422228,-5.325355371562013,13.497407443913156,-10.131529976976573,-9.114695645027373,-15.230408734375342,3.618128462340224,5.337183260528118,-42.6976494432429,4.570940960453952,18.497620564500917,8.696395460700234
3.517587939698492,17.23292621489734,44.14762110929083,47.59528892821887,72.68505414999193,-1.3991326624805154,14.568680670233206,-9.955769431319792,-8.322027982841302,-14.973886127244773,2.5953485680889896,5.330339637898592,-41.93374906541308,4.887855774724043,18.339660723794758,8.030858379175198
4.0201005025125625,18.158947751874997,43.49958753082904,46.86259376678079,68.31823541169344,1.7003727435112337,15.460238775180152,-9.764506675949878,-7.673129730379882,-14.725663074703476,1.7646187522420131,5.333835488023992,-41.24505158052233,5.1304265032244745,18.173133064014372,7.494770088579641
4.522613065326633,18.944470438327205,42.937552785636,46.18120040146626,64.69741308131294,4.202384607418472,16.207966127909994,-9.565659744476138,-7.130901398316626,-14.48695405745242,1.0760387113059224,5.344048671527165,-40.61371627249815,5.316206388949517,18.001063267098367,7.0541530067497265
5.025125628140703,19.617665830794433,42.442427938540185,45.543856009021994,61.64209929224263,6.258653406691414,16.8396378847553,-9.364278753269788,-6.669877955497605,-14.258112581596112,0.49571988130878153,5.358552440518,-40.0277765505333,5.457643036634699,17.82566276326821,6.68602291607691
5.527638190954773,20.199513587685882,42.00019783129216,44.94484959965923,59.025809921380635,7.973642134558426,17.376746138658614,-9.163590490836395,-6.272061438008479,-14.039053416605778,-0.0001764789751645258,5.375686349426553,-39.47885776403529,5.56383893430978,17.648558470923135,6.3742467450332505
6.030150753768844,20.70596492094252,41.60039818712855,44.37957216681107,56.75724688998922,9.421615936956384,17.83603142064159,-8.965648319208176,-5.9244029644029235,-13.829467898520813,-0.42891771215473806,5.394297261635243,-38.96088581803231,5.641623330093249,17.470956222906576,6.107150023220396
6.532663316582914,21.149375941377937,41.235090801255744,43.84423191902004,54.76884592247182,10.656818585534259,18.23065456392853,-8.771740598500406,-5.617228158510801,-13.628938342029313,-0.80332469143412,5.413576551248711,-38.46931862707846,5.696231810139155,17.293755304283327,5.876066296793656
7.035175879396984,21.53947836420688,40.898164774426654,43.33566116454238,53.00952841881579,11.719792877047436,18.571067228135675,-8.582651220179454,-5.343221798982951,-13.437000549245443,-1.1331209568803318,5.4329543897318855,-38.0006689113852,5.731752475466577,17.117629042375402,5.674421218770517
7.537688442211055,21.884051302253837,40.58485239831874,42.85118024049841,51.439958899139995,12.641448616716442,18.865653972037872,-8.398828449952573,-5.096754925431028,-13.253178452057497,-1.425817909735969,5.452029243723662,-37.55219695270681,5.7514279057109015,16.94308213630929,5.497133933870153
8.040201005025125,22.189395797247705,40.29138820125433,42.38849854537907,50.029351701749206,13.445762285979821,19.121206985834505,-8.220496009121518,-4.87342789120957,-13.077003283708267,-1.6873123125201956,5.470519795109692,-37.121706463426,5.757865018653179,16.770491990152564,5.3402140424176165
8.542713567839195,22.460676417615762,40.01476496347534,41.945640630017046,48.75326654223496,14.151616911867144,19.343279492196466,-8.047727154989651,-4.669753219162944,-12.908023941167817,-1.9222996996498767,5.488231527189635,-36.707405175740305,5.753184365109384,16.600138928379916,5.200483139859317
9.045226130653266,22.702171472460584,39.75255647512769,41.520889766389175,47.592052989513704,14.774085539286425,19.53645114170613,-7.880494672378972,-4.482931132912206,-12.745812242826752,-2.134566714832721,5.5050331257544975,-36.30780728116018,5.739128555642363,16.43222858131089,5.075378012895567
9.547738693467336,22.91745922580597,39.502786957711855,41.112744048480785,46.529731306800905,15.325345210465542,19.704529228538938,-7.718704943811982,-4.310687848401636,-12.589965200391543,-2.3272018676523225,5.520839579730417,-35.921663654648334,5.717142467210225,16.266908678032188,4.962808728863872
10.050251256281406,23.10955851060078,39.26383360149694,40.719881695028725,45.55317316037228,15.81533988122616,19.850702733670374,-7.5622213505760145,-4.151157196172324,-12.440105544755372,-2.5027501226601325,5.535599934472507,-35.54791096410049,5.688433557077593,16.104281789099595,4.861054463762567
10.552763819095476,23.28103633150946,39.03435293728964,40.34113324878548,44.651492431951915,16.252269217872538,19.97766138470076,-7.41088043518929,-4.002792689766965,-12.295881244144518,-2.6633280644276023,5.549288325553693,-35.185633890500895,5.654017891170589,15.944415096783482,4.768685800550508
11.055276381909547,23.434091217042088,38.813224589367124,39.975459037047564,43.81558583319806,16.64295439697293,20.087688528340482,-7.264503098646985,-3.864301332310107,-12.156964459769616,-2.810710905652363,5.561897356766312,-34.83403662553346,5.614755739949431,15.787347956470287,4.684505931526246
11.557788944723617,23.570618514104435,38.59950785990918,39.6219307083874,43.037782028250724,16.993115565596828,20.182734215699348,-7.12290235922872,-3.734593173125462,-12.023050209410677,-2.9463990662971327,5.57343317330278,-34.49242104933779,5.571379438795482,15.633097797558152,4.607505582856171
12.060301507537687,23.692262067491196,38.392407894931694,39.27971597040609,42.31157049046242,17.30758488991266,20.26447319877304,-6.985888710809717,-3.6127424305556617,-11.89385490333794,-3.0716697168533673,5.583911773795331,-34.160169795328194,5.524515432698299,15.481664762671558,4.536828048025075
12.562814070351758,23.80045551463891,38.19124908137296,38.94806587129798,41.63138972351474,17.590471988417253,20.334351318643517,-6.853273794133236,-3.4979572147001257,-11.769114851796393,-3.187617109236444,5.593356236278366,-33.836732942874804,5.474701892950592,15.333035378793864,4.471741769333444
13.065326633165828,23.896455574313826,37.99545395588735,38.626304124350995,40.99246021621459,17.845293719936357,20.393622887015017,-6.724872876362655,-3.389555718410935,-11.648584802823152,-3.295184445471659,5.601794624017441,-33.521617439589896,5.422402923184634,15.187185478909234,4.411618625139163
13.567839195979898,23.981369101453097,37.80452635379706,38.31381808859951,40.39065148169659,18.075076976451655,20.443381022891117,-6.600506485855654,-3.2869473253947543,-11.532036543899228,-3.3951892887201076,5.6092584008469055,-33.214378603111015,5.368020110288621,15.044082538621069,4.355916579226803
14.070351758793969,24.05617524303626,37.61803784832283,38.010051103422846,39.82237533412429,18.282440812046342,20.48458243634417,-6.48000144708571,-3.189617493505636,-11.419257585129156,-3.488343995717234,5.6157812308431065,-32.91461322553308,5.311901988061566,14.903687552707467,4.3041656999688795
14.572864321608039,24.12174371074232,37.43561676375209,37.714495938466854,39.28449955499801,18.469662597138168,20.518067803287458,-6.363191489796779,-3.0971155634467915,-11.310049931790024,-3.5752722743917666,5.621398069567235,-32.62195392635543,5.254351845144996,14.765956547421208,4.25595680781759
15.07537688442211,24.178849950708393,37.25693921749532,37.42668916867536,38.774277544872625,18.638731709173484,20.544578615184044,-6.249917556841052,-3.0090448540843324,-11.204228948017542,-3.656522699055159,5.626144477589438,-32.33606448788561,5.19563420854867,14.630841802609472,4.210932191123557
15.57788944723618,24.228187815200577,37.08172177283506,37.146206321501296,38.289290610981105,18.79139341576664,20.564771191835636,-6.140027900084332,-2.9250545596241793,-11.101622309735152,-3.7325798170581876,5.630056104173455,-32.05663597104201,5.13598025956905,14.49829284137187,4.168777963084984
16.08040201005025,24.27038020890528,36.90971537896845,36.87265767237788,37.827400320038144,18.92918497849634,20.57922839679324,-6.0333780288075385,-2.844833077532043,-11.002069042811724,-3.8038733340706035,5.633168301661302,-31.78338345654359,5.075592382908192,14.36825723255467,4.1292177309018046
16.58291457286432,24.305988082210565,36.740700346391925,36.6056845873208,37.38670892631616,19.053465539946774,20.588469481285923,-5.929830557153789,-2.7681024806971326,-10.905418641297732,-3.8707857555705507,5.635515840508447,-31.516043291433725,5.0146480073162465,14.24068124186804,4.092007321672605
17.08542713567839,24.335518066973773,36.574482159964376,36.344956329587724,36.96552632231991,19.165441007864196,20.592958395031804,-5.829254984285652,-2.6946139109278047,-10.81153026007847,-3.9336587795505995,5.637132701965639,-31.254370747127016,4.953302863548028,14.115510360072715,4.056930365017055
17.587939698492463,24.359428990903876,36.41088797354594,36.09016726174401,36.56234229142768,19.266184886764197,20.593110834404982,-5.731527431584822,-2.6241437190556995,-10.720271976162522,-3.992798672661972,5.638051930714653,-30.998138015055027,4.891693760297931,13.992689730976494,4.023794574627622
18.09045226130653,24.378137460485284,36.24976366216211,35.8410343860809,36.17580309610732,19.35665580645547,20.58930024542986,-5.636530354437569,-2.5564902137369563,-10.631520112941882,-4.04848081388844,5.638305533793215,-30.747132481193667,4.829940959214517,13.87216449751474,3.992428603376452
18.5929648241206,24.392022666156855,36.09097133252582,35.597295175728675,35.80469163149113,19.437712342616063,20.58186295743781,-5.544152241193398,-2.491470909373115,-10.545158622018844,-4.100953552660274,5.63792441521673,-30.501155232483423,4.768150214749218,13.753880080670932,3.9626793716970603
19.09547738693467,24.401430534879655,35.93438721219858,35.35870565646022,35.44791052658302,19.51012560508462,20.571102590308605,-5.454287308257318,-2.4289201855400844,-10.46107851752888,-4.150441499383764,5.6369383380605536,-30.260019757269937,4.70641453246878,13.637782403205762,3.9344097885267626
19.597989949748744,24.40667733252961,35.77989985296124,35.12503870545473,35.10446769471531,19.5745899763781,20.557293852061292,-5.366835197616798,-2.3686872874576728,-10.379177358258085,-4.1971483436905315,5.635375907581687,-30.023550809035182,4.644815689816741,13.52381806794221,3.907496799459017
20.100502512562812,24.408052800409468,35.627408596059595,34.89608253845936,34.77346392889408,19.631732309830763,20.54068582264802,-5.281700681153772,-2.3106346104999322,-10.299358773231416,-4.241259277828783,5.633264570363625,-29.79158340832429,4.583425555589744,13.411934498574704,3.8818297088975977
20.60301507537688,24.405822895595623,35.476822256605736,34.67163936106785,34.45408221219726,19.682119838988946,20.521504803004884,-5.198793374661937,-2.2546362223909306,-10.221532026818588,-4.282943088428944,5.630630625559846,-29.563961962249458,4.522307238179203,13.302080049539,3.8573087326618016
21.105527638190953,24.40023219304941,35.32805799210899,34.451524163395014,34.14557847281483,19.726267003990834,20.4999567948457,-5.118027463443053,-2.2005765851930406,-10.14561161975767,-4.322353968548052,5.6274992451626025,-29.34053948453286,4.461516087595106,13.194204090321538,3.8338437452178136
21.608040201005025,24.391505997849695,35.18104032628589,34.23556364040356,33.84727356096615,19.764641363966998,20.47622966567635,-5.039321440593397,-2.1483494459599553,-10.071516922828028,-4.3596330928047795,5.623894500889891,-29.121176901930465,4.4011005721913765,13.08825706864709,3.8113531919269326
22.110552763819094,24.379852208084237,35.035700304290984,34.023595222634825,33.5585462633352,19.797668735006443,20.45049504453214,-4.9625978585390484,-2.09785687036359,-9.999171840210666,-4.394909991079026,5.619839395806105,-28.905742435210232,4.34110304765949,12.984190556217683,3.789763141728217
22.613065326633162,24.365462962523804,34.89197475955613,33.81546620420098,33.27882720178094,19.825737669406003,20.422909986593176,-4.887783093982036,-2.04900839799606,-9.928504499855343,-4.428303750298742,5.6153558992031725,-28.694111044755907,4.281560433100446,12.881957280048377,3.7690064597592605
23.115577889447234,24.34851610191618,34.749805675724076,33.611032956673526,33.00759348840802,19.849203372577428,20.393618438789286,-4.814807126138544,-2.001720301612923,-9.859446968430799,-4.4599240689862665,5.610464983592971,-28.486163932420997,4.222504806708363,12.781511141931297,3.7490220827561744
23.618090452261306,24.329176468361524,34.60913962986033,33.41016021901311,32.7443640298017,19.86839113820328,20.362752533518265,-4.7436033279552445,-1.9559149354911016,-9.791934988666654,-4.489872185265221,5.605186662918113,-28.28178809253519,4.163963931710694,12.682807228135262,3.7297543828121205
24.120603015075375,24.30759706359228,34.46992730534417,33.212720454971524,32.488695390244494,19.88359936930245,20.3304337334653,-4.674108269858209,-1.9115201604564045,-9.725907737106862,-4.518241695763525,5.599540031290344,-28.08087590602197,4.105961721636639,12.585801811097882,3.7111526073303014
24.623115577889443,24.283920083946434,34.33212306466751,33.01859327049304,32.240178137772496,19.895102242220933,20.296773847071133,-4.606261535504246,-1.8684688350946712,-9.661307600484362,-4.545119280150989,5.593543301726414,-27.883324772463585,4.048518652670198,12.49045234457744,3.6931703848743704
25.125628140703515,24.258277847278496,34.195684573883526,32.827664884585104,31.998433608554038,19.90315206176829,20.261875931324226,-4.5400055489541655,-1.8266983642789854,-9.59807996909806,-4.570585343814114,5.587213844477856,-27.689036775682144,3.991652129739881,12.396717453490377,3.6757652881706955
25.628140703517587,24.230793624915787,34.0605724717049,32.639827647934204,31.763111034741048,19.907981348420922,20.225835096144255,-4.475285412662398,-1.7861502974874603,-9.536173045727686,-4.594714589309331,5.5805682246518575,-27.497918379019097,3.9353768120671484,12.304556919459838,3.6588984468103294
26.130653266331656,24.20158238996214,33.92675007729893,32.45497960424132,31.53388498901103,19.909804692434808,20.188739222601253,-4.412048755670435,-1.746769970503501,-9.475537668760682,-4.617576525681109,5.573622238899812,-27.309880147012134,3.8797049031094293,12.213931662933415,3.642534203281289
26.633165829145725,24.17075149172526,33.79418313170287,32.273024089851674,31.310453105774865,19.90882040462898,20.150669605506685,-4.350245591397435,-1.7085061850240313,-9.416127148330382,-4.639235923427618,5.566390951012961,-27.124836490605034,3.8246464091667134,12.124803722587925,3.626639806871052
27.135678391959797,24.13840126474529,33.66283956852027,32.09386936777508,31.092534044703466,19.90521198933729,20.11170152946999,-4.2898281844363675,-1.6713109214838746,-9.357897114376762,-4.65975322179987,5.558888726314182,-26.94270543339656,3.77020937035387,12.037136232622284,3.6111851407454334
27.63819095477387,24.104625579798014,33.53268931017528,31.917428292646466,30.87986566701595,19.89914946143934,20.071904786286606,-4.230750925785085,-1.6351390810632784,-9.300805375642337,-4.67918489419459,5.551129264773877,-26.76340839674946,3.716400067156473,11.95089339844073,3.5961424781576423
28.140703517587937,24.069512343301035,33.40370408652699,31.74361800356891,30.672203399020304,19.890790526350195,20.03134414048241,-4.172970215966695,-1.5999482534014255,-9.244811788706485,-4.697583776617065,5.543125632808281,-26.586870001850556,3.6632232053743055,11.866040471146299,3.581486264290682
28.643216080402006,24.033143950741504,33.27585727308656,31.57235964212619,30.469318760835783,19.88028163928303,19.990079748947156,-4.116444355520925,-1.5656985070096534,-9.189878136243456,-4.7149993635247505,5.534890293742603,-26.4130178870441,3.6106820819010697,11.782543721194813,3.567192920703241
29.145728643216078,23.995597699049483,33.14912374645567,31.40357809315211,30.270998041149312,19.867758957916983,19.94816753982937,-4.061133442376683,-1.5323521997780392,-9.135968013763,-4.7314780747949605,5.526435136939274,-26.24178253895883,3.5587787334833463,11.700370411500929,3.5532406697477024
29.64824120603015,23.956946162239774,33.02347975492516,31.23720174610667,30.07704110135415,19.853349200745694,19.905659555210086,-4.006999275644694,-1.4998738073096995,-9.083046724158912,-4.747063497075959,5.517771505606046,-26.073097136121604,3.507514070338188,11.619488770238641,3.5396093766694126
30.15075376884422,23.917257534128723,32.898902802444184,31.07316227514114,29.8872602945548,19.837170421792568,19.86260426151134,-3.9540052653977416,-1.4682297671083542,-9.031081179451036,-4.761796602365425,5.508910223308937,-25.906897403898725,3.456887996280817,11.539867963536828,3.5262804073886675
30.653266331658287,23.87659594148227,32.775371544404464,30.911394436136916,29.70147948675411,19.819332711019534,19.819046831109908,-3.9021163480335934,-1.437388336894016,-8.980039809159981,-4.775715946304267,5.499861619223073,-25.74312147973503,3.4068995168163063,11.461478068235078,3.5132365002177766
31.15577889447236,23.835021730564048,32.652865693883456,30.751835879182558,29.519533169114926,19.799938828586775,19.775029398207757,-3.851298906842557,-1.4073194655361116,-8.929892474802994,-4.788857848366604,5.490635552160023,-25.58170978777376,3.3575468364777317,11.384290044835694,3.5004616499820083
31.65829145728643,23.792591729710594,32.531365937162974,30.59442697511139,29.341265651547754,19.779084780114182,19.73059129164765,-3.8015206974271414,-1.377994675277777,-8.88061039004362,-4.801256555862098,5.48124143341417,-25.422604922037817,3.3088274465438157,11.308275710762297,3.487941003200128
32.1608040201005,23.749359490268073,32.41085385748697,30.439110654862787,29.166530329050897,19.756860339226865,19.685769247046817,-3.7527507776453666,-1.3493869540845698,-8.832166046067531,-4.812944393437526,5.471688248473266,-25.265751537439638,3.2607382041388906,11.233407714014454,3.4756607631419376
32.66331658291457,23.705375507963304,32.29131186615069,30.285832260553835,28.99518901324736,19.733349522914178,19.64059760034749,-3.7049594417723433,-1.3214706570887815,-8.784533141793572,-4.823951899565797,5.461984577639738,-25.111096247961818,3.2132754036041904,11.159659507289712,3.4636081037206945
33.16582914572864,23.66068742655843,32.172723140123786,30.134539407258277,28.827111322447074,19.70863102458026,19.595108464643705,-3.6581181585959643,-1.2942214162202355,-8.737686518561462,-4.834307951337893,5.45213861560993,-24.958587531417567,3.166434840929777,11.08700532262949,3.451771091300176
33.66834170854271,23.615340225437155,32.05507156550568,29.98518185458796,28.662174124331965,19.68277860909649,19.549331891934678,-3.612199513182832,-1.2676160572186534,-8.691602098967754,-4.844039878722762,5.442158190058594,-24.808175640258675,3.12021187194901,11.0154201466323,3.440138613602576
34.17085427135678,23.569376392597558,31.938341686194878,29.837711387259198,28.500261026032735,19.65586147367249,19.50329602127237,-3.5671771520691897,-1.2416325233134362,-8.646256829548538,-4.853173569328662,5.432050779275187,-24.65981251795013,3.074601464920505,10.944879696267252,3.428700314996246
34.67336683417085,23.522836084371132,31.822518657226496,29.692081703903924,28.34126190695221,19.627944577931213,19.457027214609738,-3.523025731649196,-1.2162498049359685,-8.60162862703208,-4.861733564584987,5.421823528897806,-24.513451720477182,3.0295982480549752,10.875360395311578,3.4174465375233085
35.175879396984925,23.47575727305237,31.707588202295184,29.54824831345588,28.185072490203495,19.599088946196165,19.410550181515948,-3.4797208695490953,-1.1914478748990043,-8.557696327906795,-4.869743148162377,5.411483267789388,-24.369048342590872,2.985196552484598,10.806839351428625,3.4063682670985074
35.678391959798994,23.42817588350221,31.59353657503615,29.406168438503403,28.031593948982096,19.56935194466857,19.36388809379968,-3.4372390987909496,-1.167207628538666,-8.514439641070672,-4.8772244273609955,5.401036523099312,-24.226558948434967,2.941390451119881,10.739294333896028,3.395457084372916
36.18090452261306,23.380125919683014,31.480350523684812,29.26580092505677,27.880732544586337,19.538787535881575,19.317062690972957,-3.395557824563644,-1.1435108283679953,-8.471839103346406,-4.884198408118713,5.39048953455211,-24.085941506229112,2.898173793792328,10.672703751988903,3.384705119811144
36.68341708542713,23.331639581986543,31.368017258778526,29.127106158227974,27.73239929315001,19.507446512563448,19.270094377390627,-3.354655283431819,-1.1203400528383145,-8.429876037663899,-4.890685064222627,5.379848268003285,-23.94715532671289,2.855540239039913,10.607046634018191,3.374105012578997
37.1859296482412,23.282747376133884,31.2565244236004,28.990045983365476,27.586509658457704,19.475376712816757,19.2230023118151,-3.3145105048255163,-1.0976786488461179,-8.388532513726817,-4.896703401246627,5.369118428300629,-23.810161005080325,2.813483282855734,10.542302607020906,3.363649872881206
37.688442211055275,23.23347821434994,31.145860067098518,28.854583632227353,27.442983268485797,19.442623218321412,19.17580449008048,-3.275103274664356,-1.0755106876601168,-8.347791310994392,-4.902271515684287,5.358305471487701,-23.67492036615879,2.7719962846875434,10.478451877095852,3.353333247426628
38.19095477386934,23.183859509449068,31.03601261904193,28.72068365381243,27.301743653552563,19.409228537093952,19.12851782146203,-3.2364141009804683,-1.0538209239756147,-8.307635883822357,-4.907406649698982,5.347414616384322,-23.54139641260652,2.7310724909470174,10.415475210376085,3.3431490877315664
38.69346733668341,23.133917262408346,30.926970867200982,28.588311849501807,27.162718004173744,19.375232772179945,19.081158199297825,-3.1984241814139494,-1.0325947578322374,-8.268050328618804,-4.912125241870828,5.33645085557746,-23.40955327592205,2.690705056261598,10.353353914627379,3.333091721001606
39.19597989949749,23.08367614395144,30.818723936361256,28.457435212193168,27.02583694690973,19.34067377751777,19.033740566355647,-3.161115372463368,-1.0118181991568818,-8.229019352881608,-4.916442974282922,5.325418965854007,-23.279356170076085,2.6508870626789296,10.292069821460334,3.3231558233585052
39.698492462311556,23.033159570618405,30.711261269000875,28.32802186913665,26.891034336659082,19.305587302089663,18.98627897539066,-3.124470160382182,-0.9914778347164348,-8.190528245993946,-4.920374816255818,5.314323518105544,-23.150771347591434,2.6116115370131188,10.231605269142756,3.313336395202043
40.201005025125625,22.982389775753653,30.604572607477916,28.200041028205955,26.758247064002312,19.27000712336693,18.938786645297025,-3.0884716336193025,-0.9715607972854096,-8.1525628516636,-4.923935065009615,5.303168886733406,-23.023766057910624,2.5728714665037824,10.171943085997652,3.3036287385176295
40.70351758793969,22.931387875805303,30.498647977590966,28.073462927359774,26.627414876335056,19.233965170957802,18.891276013218775,-3.0531034567092346,-0.9520547368516908,-8.115109541900022,-4.927137383506512,5.291959258581075,-22.898308507903685,2.5346598129423294,10.113066574371796,3.2940284359588667
41.20603015075376,22.880173932295307,30.393477673388983,27.948258787068855,26.4984802116481,19.197491641280916,18.84375878295063,-3.0183498455235602,-0.9329477936999998,-8.07815519243094,-4.929994835702933,5.280698641419376,-22.77436782437973,2.496969525405116,10.054959495159197,3.2845313315508746
41.70854271356784,22.82876700978738,30.28905224311942,27.824400765502546,26.371388043919364,19.16061510400869,18.796245969929753,-2.984195543801624,-0.9142285732272412,-8.041687159467255,-4.932519919419201,5.2693908720085,-22.65191401847658,2.459793551719897,9.997606052863366,3.2751335128749672
42.211055276381906,22.777185230152224,30.185362476214692,27.70186191628432,26.24608573917855,19.123362600955595,18.74874794309175,-2.9506258008838246,-0.8958861223569545,-8.005693257731485,-4.934724597015614,5.258039623759796,-22.53091795181199,2.4231248487801116,9.940990881182428,3.2658312946084944
42.713567839195974,22.725445823403806,30.082399391226375,27.580616148641642,26.1225229213913,19.085759738024134,18.701274463839027,-2.9176263505760116,-0.8779099074319712,-7.97016173967111,-4.936620324046724,5.246648414018663,-22.411351304289138,2.386956391810761,9.885099029100592,3.2566212033055386
43.21608040201005,22.673565175357364,29.980154224625593,27.46063818978868,26.0006513473867,19.047830770765348,18.653834722348556,-2.8851833910783533,-0.8602897934748417,-7.9350812757835225,-4.9382180760503696,5.235220610989092,-22.29318654345615,2.3512811826800775,9.829915947470033,3.2474999633147195
43.71859296482412,22.621558872338806,29.878618420395938,27.341903549393262,25.880424790121292,19.009598684060308,18.606437371425233,-2.8532835659163913,-0.843016024715215,-7.900440935984507,-4.939528373613992,5.223759440318865,-22.17639689532751,2.316092257342484,9.775427476066927,3.238464483740037
44.22110552763819,22.5694417431566,29.777783620352004,27.22438848599035,25.761798929635788,18.97108526638395,18.559090558089338,-2.821913945816114,-0.8260792062919476,-7.86623017195683,-4.940561305848515,5.21226799136373,-22.060956316581162,2.281382692490443,9.721619831105905,3.229511846359132
44.723618090452256,22.517227898529736,29.67764165512319,27.108069975215262,25.64473125111636,18.932311179071725,18.511801953070503,-2.7910620114687337,-0.8094702870454804,-7.832438800419887,-4.941326552388681,5.2007492231474695,-21.946839468051582,2.2471456114858515,9.66847959319721,3.2206392944211752
45.226130653266324,22.46493076814959,29.578184535747944,26.99292567973913,25.52918094952396,18.893296020972883,18.464578778365443,-2.7607156371343327,-0.7931805433230598,-7.799056987265225,-4.941833404028654,5.189205970034206,-21.834021689444384,2.2133741896351666,9.615993695731262,3.2118442222535286
45.7286432160804,22.412563135539987,29.479404445828393,26.878933920797753,25.415108840300135,18.854058388841143,18.417427833003977,-2.73086307503683,-0.7772015637257573,-7.766075232506711,-4.9420907820924995,5.177640947128008,-21.722478975203355,2.1800616588666717,9.564149413675626,3.203124165612594
46.23115577889447,22.360137170866114,29.381293734200334,26.766073651213244,25.302477275700642,18.814615933783244,18.370355517155176,-2.7014929405058172,-0.7615252347320063,-7.7334843559972795,-4.942107256630843,5.1660567554143775,-21.612187951465216,2.147201311863161,9.512934352769683,3.1944767927199353
46.73366834170854,22.307664461831372,29.28384490807768,26.654324429814885,25.191250066344544,18.774985414058975,18.323367854694926,-2.672594197823561,-0.7461437271376368,-7.70127548386758,-4.941891063527447,5.154455886656966,-21.50312585404213,2.114786505698413,9.462336439102787,3.185899895929938
47.23618090452261,22.255156042790794,29.187050626633205,26.54366639717262,25.08139240760154,18.735182744501465,18.27647051434638,-2.6441561467381858,-0.7310494832571217,-7.6694400356446515,-4.941450120592654,5.142840728062552,-21.395270507375567,2.082810665021805,9.412343909061944,3.177391383979825
47.73869346733668,22.202622422199575,29.09090369498206,26.434080252562712,24.972870810470873,18.69522304280456,18.229668829495154,-2.616168409606438,-0.7162352048351471,-7.637969712011566,-4.940792042714321,5.131213566726235,-21.288600304409105,2.0512672848312263,9.36294529963561,3.168949274777158
48.24120603015075,22.15007360850602,28.995397058536874,26.325547232090678,24.86565303663317,18.655120672903358,18.182967816773534,-2.588620919131738,-0.7016938416214688,-7.606856483171428,-4.9399241561314255,5.119576593868278,-21.18309418733092,2.0201499328711403,9.314129439060423,3.1605716886836386
48.74371859296482,22.097519134590684,28.90052379770559,26.218049087901942,24.759708037382804,18.61488928565607,18.136372193500122,-2.561503906665356,-0.6874185805657443,-7.576092577781526,-4.938853511890104,5.107931908873435,-21.07873162914006,1.9894522516893829,9.265885437798328,3.1522568422575907
49.24623115577889,22.044968080845404,28.806277122906618,26.111568068415515,24.655005896170643,18.57454185701847,18.08988639405458,-2.5348078910404905,-0.6734028355922138,-7.545670472425619,-4.937586898537407,5.096281523142888,-20.975492615993225,1.9591679603832957,9.21820267983168,3.144003042420599
49.74874371859296,21.992429096979045,28.712650369877206,26.006086899520472,24.551517774509467,18.53409072388662,18.04351458526103,-2.508523667910894,-0.6596402379171771,-7.5155828815943275,-4.936130854103762,5.084627363768373,-20.87335763029196,1.9292908560632547,9.171070814264603,3.135808681016577
50.25125628140703,21.93991042263108,28.619636995253284,25.901588766678774,24.449215861012785,18.493547617770222,17.99726068084774,-2.4826422995674133,-0.6461246268749212,-7.485822748145469,-4.934491677421048,5.0729712770376425,-20.772307634472035,1.899814815059134,9.124479747219103,3.1276722297342765
50.7537688442211,21.88741990686711,28.52723057240138,25.798057297882337,24.34807332335594,18.452923696446028,17.951128355045867,-2.457155105207395,-0.6328500412203067,-7.456383234218026,-4.932675438819846,5.061315031779777,-20.67232405545948,1.8707337938931843,9.078419634014903,3.11959223536643
51.256281407035175,21.834965026626563,28.435424787483477,25.695476547415275,24.248064262964338,18.412229573728897,17.905121055384893,-2.4320536516333937,-0.6198107108785031,-7.427257712574943,-4.930687990246046,5.04966032255845,-20.573388769759948,1.8420418300406165,9.03288087162231,3.11156731538105
51.75879396984924,21.782552904186577,28.344213435739036,25.59383098037567,24.149163672248687,18.371475347488058,17.85924201473831,-2.4073297443590405,-0.6070010491144915,-7.398439758351532,-4.928534974834007,5.03800877272083,-20.47548408914989,1.8137330424975544,8.987854091377878,3.1035961537822185
52.26130653266331,21.730190323702562,28.25359041796813,25.493105457914222,24.051347394220333,18.33067062602587,17.81349426266904,-2.382975419101221,-0.5944156450969139,-7.369923141187719,-4.926221835970699,5.026361937309268,-20.378592746939862,1.78580163217419,8.943330151952997,3.0956774972396284
52.76381909547738,21.67788374688098,28.163549737201823,25.39328522314986,23.954592084332308,18.28982455292811,17.767880636120466,-2.3589829336389214,-0.5820492568325922,-7.341701817723599,-4.923753825882916,5.014721305842729,-20.28269788478218,1.758241882129597,8.899300132565813,3.0878101514676435
53.26633165829145,21.625639327836623,28.074085495546946,25.29435588772499,23.858875174403405,18.24894583048621,17.722403789495214,-2.3353447600202397,-0.5698968044497598,-7.313769924439037,-4.921136013777026,5.003088304974295,-20.187783039996713,1.731048157663116,8.855755326427364,3.0799929778362802
53.768844221105525,21.573462927182767,27.985191891192944,25.196303418965467,23.76417483849226,18.208042741784578,17.677066204161623,-2.312053577100136,-0.5579533638094696,-7.286121770819234,-4.918373293558956,4.991464301030981,-20.09383213338997,1.7042149062761365,8.812687234413072,3.0722248901977576
54.27135678391959,21.52136012539956,27.896863215570246,25.099114127612467,23.670469960598968,18.167123171539558,17.631870197423844,-2.2891022633924925,-0.5462141604261305,-7.258751832829207,-4.915470391159902,4.979850602441506,-20.000829457544175,1.6777366575167514,8.77008755895114,3.064504851913585
54.77386934673366,21.469336235522626,27.809093850649578,25.002774656095713,23.577740104079655,18.12619462576984,17.586817930989877,-2.2664838902209477,-0.5346745636793518,-7.23165474668111,-4.912431871491571,4.968248462057642,-19.90875966555436,1.6516080227188716,8.727948198119641,3.056831873068311
55.27638190954774,21.417396315191457,27.721878266373327,24.90727196731908,23.48596548266819,18.08526425037279,17.541911418968944,-2.2441917151539164,-0.5233300813004832,-7.204825302879401,-4.9092621450531135,4.956659079374177,-19.817607760192555,1.6258236946462936,8.686261239944496,3.0492050078570516
55.778894472361806,21.365545178094525,27.63521101820966,24.812593333931883,23.395126933006598,18.04433884867563,17.497152535427432,-2.222219175709938,-0.512176354118355,-7.178258440529486,-4.9059654742103165,4.945083602652493,-19.72735908347955,1.600378447051383,8.645018956890759,3.041623352134975
56.281407035175874,21.313787404845097,27.549086744822322,24.71872632806006,23.305205888591995,18.00342489802548,17.452543021530865,-2.2005598833203437,-0.5012091510496953,-7.1519492418965545,-4.902545979166342,4.933523130952343,-19.63799930664548,1.5752671341572348,8.604213800540009,3.034086041117683
56.78391959798994,21.26212735332032,27.463500165847893,24.625658811473915,23.216184355055265,17.962528565478056,17.408084492296975,-2.1792076175368855,-0.49042436432070424,-7.1258929272019484,-4.899007643641811,4.921978716076246,-19.549514420461843,1.550484690071377,8.563838396446814,3.0265922472223763
57.28643216080401,21.21056916849366,27.37844607977413,24.533378926169704,23.128044886691395,17.921655722640306,17.363778442983893,-2.158156320472699,-0.4798180049070722,-7.100084849645078,-4.895354320281059,4.910451364430669,-19.461890725928107,1.5260261281384326,8.523885539167617,3.0191411780403508
57.78894472361809,21.159116791788655,27.293919361912998,24.441875085344083,23.040770564167868,17.880811959718653,17.319626255135155,-2.13740009146556,-0.46938619818057925,-7.0745204906397445,-4.891589735800113,4.8989420388079195,-19.37511482529734,1.501886540238558,8.484348187455621,3.0117320744320666
58.291457286432156,21.107773969980666,27.209914962462623,24.351135964741733,22.954344973341648,17.840002598820973,17.275629202302223,-2.1169331819530273,-0.4591251797511586,-7.049195455254177,-4.887717495890954,4.887451660092486,-19.289173613425746,1.4780610960378218,8.445219459615446,3.004364208736743
58.793969849246224,21.056544263671327,27.126427904652438,24.261150494357345,22.868752185120407,17.79923270655701,17.231788455463743,-2.0967499905496,-0.4490312914939625,-7.024105467844787,-4.883741089895752,4.875981108895418,-19.20405426943217,1.4545450421962567,8.406492629011673,2.997036883088887
59.2964824120603,21.005431055358844,27.043453282966933,24.171907850474494,22.783976736307658,17.758507105979206,17.18810508815927,-2.0768450583165574,-0.4391009777516881,-6.999246367874212,-4.879663895263767,4.864531227120036,-19.11974424865393,1.4313337015387375,8.36816111972556,2.9897494278348464
59.79899497487437,20.95443755712597,26.960986261443036,24.083397448024886,22.700003611375752,17.71783038790278,17.144580081354363,-2.0572130642156177,-0.429330781702934,-6.974614105904608,-4.87548918180291,4.853102819462236,-19.036231274886337,1.4084224721935257,8.330218502354438,2.982501200042857
60.30150753768844,20.903566817966432,26.879022072036783,23.995608933252242,22.616818225113825,17.677206921641506,17.101214328052528,-2.03784882073806,-0.41971734188800325,-6.950204739757856,-4.871220115737065,4.841696654848335,-18.953503332893945,1.3858068267027257,8.292658489948531,2.9752915821005756
60.804020100502505,20.852821730768447,26.797556013055512,23.908532176666284,22.534406406101652,17.636640865193378,17.058008637668653,-2.0187472697013447,-0.4102573888840058,-6.926014430834589,-4.866859763579782,4.830313467813408,-18.871548661181787,1.3634823111087209,8.255474934080182,2.9681199803944827
61.306532663316574,20.80220503897406,26.716583447651555,23.82215726627265,22.452754380963448,17.596136174907627,17.01496374017772,-1.9999034782057177,-0.40094774212167045,-6.9020394405845025,-4.862411095833999,4.818953959822775,-18.790355745015926,1.3414445440202012,8.2186618210406,2.960985824065962
61.80904522613065,20.751719342930784,26.63609980237407,23.736474501065988,22.371848759358212,17.555696614663212,16.972080290051426,-1.9813126347436436,-0.39178530683667895,-6.878276127120839,-4.857876990527153,4.807618800539273,-18.709913309682797,1.319689215661071,8.182213268159465,2.9538885638391985
62.31155778894472,20.701367105951938,26.556100565775758,23.651474384773522,22.291676519666453,17.515325764586255,16.929358869994804,-1.9629700454552932,-0.38276707114877323,-6.854720941972159,-4.853260236590252,4.796308629038745,-18.63021031397759,1.2982120869053113,8.14612352024295,2.9468276709163628
62.81407035175879,20.651150660100395,26.476581287071408,23.567147619837534,22.212224995335355,17.4750270293328,16.88679999449397,-1.9448711305236517,-0.3738901032622836,-6.8313704269650986,-4.848563537089094,4.785024054976096,-18.551235943912236,1.2770089883005458,8.110386946125828,2.939802635935896
63.31658291457286,20.601072211710253,26.397537574845455,23.48348510162566,22.133481861846683,17.434803645961036,16.844404113185707,-1.9270114207031368,-0.36515154878208533,-6.808221211231952,-4.843789512315206,4.773765659704106,-18.472979606634023,1.2560758190828156,8.074998035333534,2.9328129679899626
63.81909547738693,20.551133846659514,26.31896509580596,23.400477912858435,22.055435124274357,17.394658691415923,16.80217161405851,-1.9093865539759234,-0.35654862813933175,-6.7852700083373625,-4.838940702743761,4.762533997347171,-18.395430924546577,1.2354085461848834,8.039951394850247,2.9258581936974015
64.321608040201,20.50133753540642,26.240859573582526,23.31811731824443,21.97807310540014,17.354595089647805,16.760102826494645,-1.8919922723304734,-0.3480786341216419,-6.762513613518612,-4.8340195718651735,4.75132959583189,-18.318579729624673,1.2150032032401428,8.00524174598918,2.9189378563287858
64.82412060301507,20.451685137801523,26.16321678756579,23.23639475931324,21.901384434358146,17.314615618384877,16.71819802416161,-1.8748244186569973,-0.3397389295027106,-6.73994890103438,-4.829028508896779,4.740152957876496,-18.242416057915655,1.1948558895840202,7.970863921361315,2.912051514980406
65.32663316582914,20.40217840768649,26.086032571786404,23.15530184943776,21.8253580357806,17.274722915578614,16.676457427761406,-1.8578789337549064,-0.33152694476660505,-6.717572821617017,-4.823969831380544,4.729004561940859,-18.166930144219826,1.1749627692546203,7.936812861939256,2.905198743794172
65.82914572864321,20.352818997290097,26.00930281383161,23.074830369037066,21.749983119418616,17.234919485539724,16.63488120764517,-1.8411518534474762,-0.3234401759222373,-6.695382400023691,-4.818845787672524,4.717884863138863,-18.092112416942765,1.155320069994152,7.9030836142125995,2.898379131220702
66.33165829145727,20.303608461431836,25.93302345379721,22.99497226095211,21.675249170213704,17.195207704781318,16.593469486300542,-1.8246393057992436,-0.31547618240381,-6.673374732681981,-4.813658559329292,4.706794294114738,-18.017953493113094,1.1359240822525603,7.8696713274317975,2.8915922793229702
66.83417085427135,20.254548261542087,25.857190483273513,22.91571962598656,21.601145938797142,17.15558982758502,16.552222340718174,-1.8083375084318218,-0.30763258505319163,-6.651546985425678,-4.808410263396458,4.695733265884953,-17.94444417355909,1.1167711581946447,7.836571250937158,2.8848378031180957
67.33668341708542,20.20563976950803,25.78179994436349,22.83706471860558,21.527663432395045,17.11606799130458,16.511139804644376,-1.792242765934055,-0.29990706418047136,-6.62989639131687,-4.8031029546039585,4.6847021686471235,-17.8715754382383,1.0978577107118213,7.803778731570209,2.8781153299550257
67.83919597989949,20.156884271353654,25.706847928731367,22.75899994278584,21.454791906119343,17.076644221421,16.470221870725226,-1.7763514673626322,-0.2922973576990554,-6.6084202485504475,-4.797738627472602,4.673701372557396,-17.799338441713978,1.0791802124395509,7.771289211164357,2.8714244989259403
68.34170854271356,20.10828297076183,25.63233057668058,22.681517848010213,21.382521854624848,17.03732043636203,16.429468492548377,-1.7606600838294184,-0.2848012593319586,-6.587115918437461,-4.7923192183360985,4.662731228477597,-17.727724508773143,1.0607351947813837,7.7390982241121495,2.8647649603094636
68.84422110552764,20.059836992445998,25.558244076259534,22.60461112540082,21.310844004114692,16.99809845209838,16.38887958658755,-1.7451651661720158,-0.27741661688603153,-6.565980823463889,-4.786846607282572,4.651792068693495,-17.656725130180842,1.0425192469404607,7.707201395006536,2.8581363750437405
69.3467336683417,20.01154738537861,25.484584662393665,22.528272603985076,21.239749304676668,16.95897998652831,16.3484550340548,-1.7298633427041465,-0.27014133059111045,-6.545012445421594,-4.781322620019316,4.640884207605354,-17.58633195856534,1.0245290149591992,7.675594436353396,2.851538414227715
69.84924623115577,19.963415125882996,25.4113486160432,22.452495247088624,21.169228922934682,16.919966663661103,16.308194682665462,-1.7147513170426707,-0.26297335150116785,-6.524208323608297,-4.775749029664351,4.630007942391989,-17.51653680442966,1.0067612007678353,7.644273146353045,2.844970758648915
70.35175879396985,19.91544112059518,25.33853226338476,22.377272148850185,21.099274234999676,16.881060017610235,16.268098348319953,-1.6998258660081522,-0.2559106799547389,-6.503566053093669,-4.770127558468241,4.6191635536493925,-17.447331632284676,0.9892125612424458,7.613233406748213,2.838433098336248
70.85427135678391,19.86762620930159,25.26613197501623,22.30259653085335,21.02987681970583,16.84226149640533,16.228165816706934,-1.6850838375960797,-0.24895136409202717,-6.483083283048743,-4.764459879469218,4.6083513060050345,-17.37870855689937,0.9718799072729043,7.58247118073632,2.831925132136368
71.35678391959799,19.819971167658494,25.19414416518382,22.22846173887023,20.96102845211843,16.803572465632513,16.18839684483164,-1.6705221490159279,-0.24209349842620068,-6.462757715135908,-4.758747618084802,4.597571448708826,-17.310659839663884,0.954760102841292,7.551982510943771,2.82544656731226
71.85929648241205,19.772476709798646,25.12256529103002,22.154861239712726,20.892721097300516,16.764994211911404,16.148791162473117,-1.6561377847953973,-0.2353352224665557,-6.442587101957033,-4.752992353642696,4.586824216201722,-17.243177885061566,0.9378500641111459,7.521763517460197,2.818997119162779
72.36180904522612,19.725143490830032,25.051391851862252,22.08178861818688,20.824946904325955,16.72652794621715,16.109348473574048,-1.6419277949473068,-0.22867471939131215,-6.42256924555721,-4.747195620853662,4.576109828662875,-17.176255237245716,0.9211467585278525,7.491810395930624,2.8125765106619722
72.8643216080402,19.677972109232034,24.980620388440425,22.009237574146358,20.75769820052769,16.688174807054967,16.070068457566478,-1.6278892931966944,-0.2221102147679097,-6.4027019959818405,-4.741358911229041,4.565428492536256,-17.10988457671771,0.9046472039305528,7.462119415703581,2.8061844721170495
73.36683417085426,19.630963109153367,24.910247482283616,21.93720191964085,20.69096748597007,16.64993586349464,16.030950770636387,-1.6140194552657994,-0.21563997531883197,-6.382983249884875,-4.735483674445261,4.554780401037519,-17.04405871710257,0.8883484676757456,7.432686918033284,2.7998207408439817
73.86934673366834,19.584116982616255,24.840269754994246,21.865675576155997,20.624747428135016,16.611812118071665,15.991995046930532,-1.6003155172147314,-0.20926230773098722,-6.3634109491860595,-4.7295713196577545,4.544165734641982,-16.978770602018724,0.8722476657728438,7.403509314334088,2.7934850608597146
74.3718592964824,19.53743417163115,24.770683867599633,21.794652571940908,20.559030856812218,16.573804509561594,15.953200899707998,-1.5867747738356797,-0.20297555750689247,-6.343983079775284,-4.723623216766396,4.533584661554455,-16.9140133020388,0.8563419620318438,7.374583084485464,2.7871771825901117
74.87437185929647,19.490915070225913,24.701486519909896,21.7241270394201,20.493810759184047,16.535913915633742,15.914567922439351,-1.5733945770986424,-0.1967781078558696,-6.324697670261983,-4.717640697634623,4.523037338161643,-16.849780011737863,0.840628567223232,7.345904775185794,2.780896862592716
75.37688442211055,19.444560026393116,24.632674449891958,21.65409321268648,20.429080275096588,16.49814115538997,15.876095689855859,-1.5601723346467484,-0.1906683786236402,-6.305552790767871,-4.71162505726419,4.512523909467842,-16.78606404682658,0.825104738250276,7.3174709983534205,2.7746438632935546
75.87939698492461,19.39836934395937,24.564244433058327,21.58454542507243,20.364832692508177,16.460486991794216,15.837783758951208,-1.5471055083392966,-0.18464482525873702,-6.286546551761252,-4.705577554927474,4.502044509514581,-16.722858841366023,0.8097677773337298,7.289278429573345,2.7684179527371913
76.38190954773869,19.352343284379785,24.49619328187107,21.515478106795634,20.301061443107702,16.422952133997644,15.799631669937982,-1.5341916128407422,-0.17870593781423308,-6.267677102931212,-4.699499415259094,4.4915992617848906,-16.66015794506155,0.7946150312090567,7.261323806588085,2.762218904349306
76.88442211055276,19.306482068461037,24.428517845159593,21.44688578267735,20.237760098095258,16.38553723956472,15.761638947161076,-1.5214282142539448,-0.17285023998336974,-6.24894263210013,-4.693391829308574,4.481188279592725,-16.59795502063292,0.7796438903361512,7.2336039278312985,2.7560464967111438
77.38693467336682,19.260785878016037,24.36121500755208,21.378763069929985,20.17492236411779,16.34824291660465,15.72380509997006,-1.5088129287960201,-0.16707628816772005,-6.230341364173011,-4.687255955555699,4.470811666458232,-16.536243841258244,0.764851788121618,7.206115651002668,2.7499005133451604
77.8894472361809,19.21525485745317,24.29428168892015,21.31110467601146,20.11254207935327,16.311069725812533,15.686129623552421,-1.4963434215152636,-0.1613826705765886,-6.21187156012214,-4.68109292089005,4.460469516469326,-16.475018288089124,0.7502362001535466,7.178855891682854,2.7437807425112815
78.39195979899498,19.169889115302933,24.2277148438361,21.243905396544214,20.05061320973652,16.274018182424772,15.6486119997296,-1.4840174050476365,-0.15576800635641724,-6.193531516005738,-4.674903821556266,4.450161914630188,-16.41427234783473,0.7357946434488006,7.151821621987092,2.737686977013201
78.89447236180904,19.12468872568466,24.16151146104235,21.177160113295994,19.989129845321287,16.237088758092273,15.611251697717465,-1.471832638411392,-0.15023094474901436,-6.175319562019258,-4.668689724066356,4.4398889371971535,-16.354000110412482,0.7215246757127252,7.125009869256258,2.7316190140141914
79.39698492462311,19.079653729715744,24.095668562932747,21.11086379222045,19.928086196771915,16.200281882675526,15.574048174852921,-1.4597869258384535,-0.14477016427747744,-6.1572340615780625,-4.662451666080502,4.429650652002455,-16.29419576666318,0.7074238946112603,7.098417714784213,2.7255766548618916
79.89949748743717,19.034784136866126,24.0301832050452,21.04501148155542,19.867476591979862,16.163597945965016,15.537000877288298,-1.4478781156412581,-0.1393843719587438,-6.139273410430305,-4.656190657257499,4.4194471187663975,-16.234853606128386,0.6934899370553543,7.072042292580191,2.71955970492165
80.40201005025125,18.99007992625987,23.96505247556538,20.97959830997657,19.807295472799293,16.12703729933038,15.500109240654792,-1.436104099113765,-0.1340723025417253,-6.121436035798794,-4.64990768007617,4.4092783893982626,-16.175968014888163,0.6797204784976186,7.045880788165213,2.7135679734178977
80.90452261306532,18.94554104792649,23.90027349484106,20.914619484804607,19.747537391897012,16.090600257301514,15.463372690696685,-1.4244628094654601,-0.12883271777006444,-6.103720395550817,-4.643603690628843,4.39914450828651,-16.117533473457108,0.666113232241084,7.019930437401376,2.707601273283219
81.40703517587939,18.901167424003827,23.835843414906694,20.850070290264217,19.688197009711942,16.054287099084867,15.426790643877334,-1.4129522207871636,-0.12366440566856311,-6.086124977394793,-4.637279619387995,4.389045512578614,-16.05954455473683,0.6526659487600098,6.9941885253530325,2.701659421014626
81.90954773869346,18.856958949894683,23.771759419018064,20.78594608579262,19.629269091519454,16.018098070017444,15.390362507958619,-1.4015703470475458,-0.11856617985238717,-6.068648298102807,-4.630936371947171,4.378981432450931,-16.001995922023095,0.6393764150325926,6.968652385178803,2.695742236536736
82.41206030150752,18.81291549537891,23.70801872119659,20.722242304396254,19.570748504596548,15.982033382961731,15.354087682554622,-1.3903152411192734,-0.11353687885819223,-6.051288902757986,-4.624574829737124,4.368952291369016,-15.94488232706587,0.6262424538854633,6.943319397053505,2.6898495430714466
82.9145728643216,18.76903690568313,23.644618565782842,20.658954451053855,19.512630215483437,15.946093219643918,15.31796555966102,-1.379184993833764,-0.10857536549635646,-6.03404536402587,-4.618195850718188,4.358958106338722,-15.88819860818063,0.6132619233498431,6.918186987119059,2.68398116701379
83.41708542713567,18.72532300250933,23.581556226999336,20.596078101164203,19.45490928733786,15.91027773193793,15.281995524161163,-1.368177733063556,-0.10368052622351881,-6.016916281448781,-4.61180027004976,4.348998888148417,-15.83193968840924,0.6004327160292429,6.893252626463424,2.678136937813661
83.91959798994974,18.681773585024516,23.518829008521983,20.53360889903723,19.39758087737841,15.874587043097733,15.246176954309888,-1.3572916228313714,-0.09885127053469302,-5.999900280762489,-4.605388900737797,4.339074641602699,-15.77610057372892,0.5877527584785281,6.868513830126791,2.6723166878630824
84.42211055276381,18.63838843081264,23.456434243060123,20.471542556426694,19.3406402344129,15.839021248940128,15.21050922219607,-1.3465248624449153,-0.09408653037421869,-5.98299601323418,-4.598962534261171,4.329185365747882,-15.720676351307768,0.5752200105942424,6.843968156134062,2.666520252388765
84.92462311557789,18.595167296790517,23.394369291944834,20.409874851103304,19.284082696449087,15.803580418980225,15.174991694184804,-1.3358756856565954,-0.08938525956487992,-5.966202155021113,-4.592521941177656,4.319331054089582,-15.665662187805452,0.5628324650160297,6.819613204552965,2.660747469349654
85.42713567839195,18.552109920089084,23.332631544725263,20.34860162546683,19.227903688383815,15.768264597521512,15.139623731340327,-1.3253423598472773,-0.08474643325451309,-5.949517406549098,-4.58606787171034,4.3095116948027075,-15.61105332771758,0.5505881465389968,6.795446616576869,2.65499817933925
85.92964824120602,18.50921601890153,23.27121841877278,20.287718785195676,19.172098719767927,15.733073804702752,15.104404689830126,-1.3149231852332908,-0.0801690473794885,-5.932940491910126,-4.579601056315188,4.299727270934078,-15.556845091762488,0.5384851115368714,6.771466073631665,2.6492722254924184
86.4321608040201,18.46648529329932,23.2101273588927,20.227222297933075,19.11666338264378,15.698008037503236,15.069333921311546,-1.304616494095904,-0.07565211814444915,-5.916470158278462,-4.573122206230452,4.289977760598055,-15.503032875309135,0.5265214473957986,6.747669296505918,2.643569453396505
86.93467336683416,18.423917426017848,23.149355836943453,20.167108192008403,19.061593349452668,15.663067270708398,15.034410773301298,-1.294420650032524,-0.07119468151773505,-5.900105175344525,-4.566632014008617,4.280263137165307,-15.449612146844837,0.5146952719586173,6.7240540445036086,2.6378897110065074
87.43718592964824,18.381512083212414,23.088901351462834,20.1073725551924,19.00688437100935,15.628251457837402,14.999634589528728,-1.2843340472288942,-0.06679579274192651,-5.883844334765921,-4.560131154031491,4.270583369445072,-15.396578446481652,0.5030047329794604,6.700618114618784,2.632232848564114
87.9396984924623,18.339268915186153,23.028761427301223,20.04801153348551,18.952532274541223,15.5935605320343,14.96500471027367,-1.27435510975162,-0.06245452585898322,-5.867686449635054,-4.553620283009121,4.260938421861108,-15.343927384500256,0.49144800758851204,6.677359340731466,2.626598718520423
88.44221105527637,18.297187557090663,22.968933615261683,19.98902132993797,18.8985329617895,15.558994406924311,14.930520472689306,-1.264482290860327,-0.05816997324946133,-5.851630353962662,-4.547100040463032,4.251328254621523,-15.291654639930195,0.4800233017667698,6.654275592824161,2.6209871754621403
88.94472361809045,18.255267629600613,22.909415491746586,19.930398203500662,18.844882407170324,15.524552977436713,14.896181211110974,-1.2547140723388501,-0.053941245185318384,-5.8356749021767955,-4.540571049194459,4.241752823882811,-15.239755959165421,0.4687288498306477,6.6313647762183985,2.6153980760411186
89.44723618090451,18.213508739563274,22.850204658410707,19.87213846790594,18.791576655993257,15.490236120595634,14.861986257351242,-1.2450489638447992,-0.04976746939583868,-5.819818968636657,-4.53403391573801,4.232212081908187,-15.188227154614063,0.4575629139262529,6.608624830830671,2.60983127890702
89.94974874371859,18.17191048062391,22.791298741820587,19.814238490577193,18.73861182273518,15.456043696280288,14.82793494098207,-1.2354855022769389,-0.04564779064620815,-5.804061447160754,-4.527489230801384,4.2227059772205315,-15.137064103381418,0.44652378353319055,6.58605373044721,2.604286644642998
90.45226130653265,18.13047243382808,22.73269539311994,19.756694691566487,18.68598408936754,15.421975547955618,14.794026589604437,-1.2260222511597958,-0.0415813703283451,-5.788401250568971,-4.520937569691548,4.213234454750035,-15.086262745985268,0.43560977497771,6.563649482017055,2.5987640357042325
90.95477386934672,18.089194168201605,22.674392287701068,19.699503542519164,18.633689703734913,15.388031503374899,14.76026052910613,-1.2166578000449444,-0.03756738606351576,-5.772837310237971,-4.514379492727915,4.203797455976822,-15.035819085102462,0.4248192309550713,6.54141012496288,2.593263316359173
91.4572864321608,18.048075241309128,22.616387124882095,19.642661565664813,18.58172497798295,15.3542113752552,14.726636083908042,-1.207390763928454,-0.033605031316380554,-5.757368575669508,-4.50781554564294,4.194394919068695,-14.985729184345873,0.4141505200609303,6.519333730509053,2.5877843526333577
91.95979899497486,18.007115199792082,22.55867762758978,19.58616533283355,18.530086287034077,15.320514961926952,14.693152577199589,-1.198219782683966,-0.02969351502005647,-5.7419940140712615,-4.501246259970625,4.1850267790141515,-14.935989167071035,0.40360203633161784,6.497418401026429,2.582327012255696
92.46231155778894,17.96631357988689,22.501261542047946,19.530011464496866,18.47877006710906,15.286942047958535,14.659809331163586,-1.189143520510929,-0.025832061211840562,-5.7267126099496934,-4.4946721534232905,4.175692967750902,-14.886595215211276,0.393172198793129,6.475662269393381,2.5768911646070904
92.96482412060301,17.925669907923968,22.44413663747111,19.474196628832654,18.427772814292712,15.253492404757196,14.626605667191244,-1.1801606653975074,-0.02201990867922897,-5.711523364714549,-4.488093730257071,4.1663934142899794,-14.837543568140891,0.3828594510186975,6.45406349837266,2.5714766806712777
93.46733668341707,17.885183700808597,22.387300705763693,19.418717540812885,18.377091083142535,15.220165791146766,14.593540906087348,-1.1712699285977057,-0.01825631061590043,-5.696425296294635,-4.481511481626498,4.1571280448356385,-14.78883052156529,0.3726622606947675,6.432620280003525,2.5660834329877904
93.96984924623115,17.844854466483966,22.330751561223924,19.36357096131415,18.326721485338222,15.186961953923685,14.560614368266434,-1.1624700441222768,-0.014540534287317691,-5.681417438764458,-4.474925885928561,4.147896782901193,-14.740452426437459,0.36257911919523317,6.411330835008809,2.560711295606926
94.47236180904522,17.804681704377334,22.27448704025315,19.308753696249752,18.276660688371003,15.153880628391686,14.527825373939999,-1.1537597682429774,-0.010871860705658615,-5.666498841981388,-4.4683374091365655,4.138699549420904,-14.69240568790004,0.3526085411637879,6.390193412216446,2.5553601440466562
94.97487437185929,17.76466490582979,22.21850500106984,19.254262595722906,18.226905414271215,15.12092153887641,14.495173243295362,-1.1451378790097688,-0.007249584313734232,-5.651668571232991,-4.461746505124226,4.129536262858104,-14.644686764252198,0.3427490641042261,6.369206287995039,2.550029855251344
95.47738693467336,17.724803554510316,22.16280332342836,19.200094553200472,18.17745243837284,15.088084399220367,14.462657296666377,-1.1366031757805652,-0.0036730126776374295,-5.636925706894168,-4.455153615980178,4.120406839309625,-14.59729216594071,0.3329992479785673,6.348367765703121,2.54472030755222
95.97989949748742,17.68509712681473,22.107379908342487,19.146246504706443,18.128298588113708,15.055368913259382,14.430276854696363,-1.1281544787631477,-0.00014146618781664738,-5.622269344093868,-4.4485591723133995,4.111311192606732,-14.550218454574459,0.3233576748128331,6.327676175151656,2.5394313806295004
96.4824120603015,17.645545092249943,22.052232677813443,19.09271542803482,18.079440741870055,15.022774775280977,14.398031238493672,-1.1197906285688743,0.0033457222316875803,-5.6076985923909195,-4.4419635935496995,4.102249234412616,-14.503462241961834,0.31382294831035196,6.307129872079478,2.534162955476102
96.98492462311557,17.60614691380426,21.99735957456242,19.039498341981165,18.03087582782436,14.990301670465557,14.36591976978005,-1.1115104857778348,0.006789207406104957,-5.593212575458814,-4.4353672882196635,4.093220874316614,-14.457020189170327,0.3043936934724423,6.286727237641254,2.5289149143628626
97.48743718592964,17.566902048304144,21.942758561767448,18.986592305592225,17.98260082286527,14.95794927531107,14.33394177103217,-1.1033129305151002,0.010189632185154073,-5.5788104307791055,-4.428770654238299,4.0842260199252465,-14.410889005607652,0.29506855622633255,6.266466677907665,2.523687140805188
97.98994974874371,17.527809946757877,21.888427622804524,18.933994417433325,17.934612751518465,14.925717258041642,14.302096565616685,-1.095196862037742,0.013547627710852866,-5.564491309343091,-4.422174079176674,4.075264576950177,-14.365065448124,0.2858462030601789,6.246346623377411,2.5184795195310756
98.49246231155777,17.488870054686792,21.834364760992987,18.88170181487273,17.88690868490758,14.89360527900101,14.270383477918859,-1.0871611983322966,0.016863813678157518,-5.550254375361621,-4.4155779405257665,4.0663364492932335,-14.319546320134597,0.2767253206650499,6.226365528500774,2.5132919364504493
98.99497487437185,17.450081812444292,21.780567999344832,18.829711673382782,17.839485739743907,14.861612991031162,14.2388018334653,-1.0792048757223731,0.020138798588657185,-5.536098805982686,-4.408982605952871,4.057441539128525,-14.274328470762262,0.2677046155837399,6.2065218712144015,2.5081242786257247
99.49748743718592,17.41144465552328,21.727035380318174,18.77802120585708,17.792341077344204,14.829740039836972,14.207350959040848,-1.0713268484860892,0.02337317999753947,-5.522023791016558,-4.402388433550681,4.048579746981836,-14.22940879399926,0.2587828138662783,6.186814152486965,2.5029764342435796
100.0,17.372958014852358,21.673764965574563,18.726627661943432,17.745471902675455,14.797986064337044,14.176030182799895,-1.0635260884830728,0.026567544754033817,-5.508028532668276,-4.395795772079398,4.039750971807341,-14.184784227887981,0.2499586607319965,6.167240895875455,2.4978482925878405
