品类,时段,主播风格,场次在线峰值,场均观看人数,平均观看时长,点赞数,评论数,分享数,商品点击数,讲解商品数量,场均GMV,客单价,退货率,粉丝占比,付费流量占比,转化率,标签
服饰,早场,娱乐互动型,13486.0,166320.0,33.47,278390,4049.0,1723,36598,13,521039.79,109.87,0.1398,0.5382,0.3978,5.85,2
服饰,晚场,娱乐互动型,12533.0,99119.0,20.03,73304,2221.0,760,10538,11,286675.0,91.15,0.2394,,0.2636,2.779,1
美妆,晚场,专业讲解型,25539.0,188261.0,25.59,116149,2455.0,813,29927,14,623904.0,79.57,0.0891,0.5543,0.3723,9.232,2
服饰,深夜场,测评型,15002.0,102377.0,35.04,195035,5176.0,841,24547,13,550126.46,97.91,0.1882,0.5287,0.4006,5.427,2
数码,晚场,专业讲解型,4285.0,17119.0,13.29,45497,724.0,194,5951,8,74866.27,79.36,0.2732,0.693,0.1324,1.428,0
服饰,午场,测评型,52597.0,338261.0,37.47,413060,6252.0,3113,57535,14,1356219.76,134.11,0.1013,0.3644,0.4977,15.161,3
美妆,晚场,专业讲解型,27422.0,188785.0,30.63,107345,6247.0,969,37142,13,540990.87,111.28,0.2383,0.7162,0.4156,6.774,2
服饰,晚场,福利型,27202.0,134825.0,33.26,154630,2834.0,575,18183,12,511160.43,139.87,0.2087,0.473,0.4378,8.889,2
食品,晚场,专业讲解型,7718.0,28185.0,20.26,23468,801.0,483,4510,8,79196.63,65.45,0.268,0.7464,0.1176,0.84,0
食品,晚场,娱乐互动型,15408.0,80830.0,27.34,111129,1872.0,655,9512,10,111885.85,69.96,0.1503,0.5404,0.3891,2.865,1
服饰,早场,专业讲解型,4796.0,50631.0,32.68,98974,1479.0,572,6371,8,186377.46,74.45,0.2477,0.6876,0.3335,2.548,1
美妆,深夜场,娱乐互动型,27528.0,151544.0,48.34,387182,16917.0,2527,95579,18,922520.66,173.16,0.1073,0.3747,0.5141,10.577,3
食品,午场,测评型,18059.0,153221.0,22.42,136682,2382.0,803,28144,12,439265.47,102.13,0.1771,0.4693,0.4665,6.689,2
数码,晚场,娱乐互动型,26924.0,225701.0,31.65,185905,3798.0,854,17459,11,552560.21,111.02,0.1718,0.4888,0.482,6.393,2
美妆,深夜场,测评型,11030.0,52279.0,17.21,83001,1972.0,341,11157,6,247101.48,98.46,0.2112,0.6891,0.0872,4.701,1
食品,深夜场,娱乐互动型,5777.0,36840.0,11.29,30024,999.0,381,2840,6,105743.78,25.27,0.2252,0.7261,0.1384,1.88,0
数码,深夜场,福利型,10928.0,,28.1,78473,1656.0,678,13403,9,85813.38,85.68,0.1838,0.6788,0.1661,4.439,1
服饰,晚场,娱乐互动型,7925.0,32590.0,13.54,66888,788.0,209,4577,4,90450.2,45.4,0.2556,0.869,0.0968,1.594,0
食品,深夜场,福利型,16122.0,60940.0,30.76,187268,4626.0,828,31298,14,244672.66,117.59,0.2418,0.5638,0.383,6.052,2
服饰,深夜场,专业讲解型,12652.0,64163.0,32.66,157007,8210.0,1029,44337,10,506996.41,110.75,0.1396,0.5642,0.507,7.05,2
数码,晚场,娱乐互动型,19247.0,124569.0,31.67,113947,2809.0,1519,21995,7,745455.88,109.9,0.145,0.4447,0.4769,6.234,2
美妆,午场,娱乐互动型,12373.0,63903.0,22.33,130097,2576.0,888,8886,8,152211.46,90.23,0.2724,0.6233,0.246,3.034,1
数码,早场,福利型,22357.0,178922.0,39.87,183780,7386.0,2111,56260,20,899448.09,126.45,0.118,0.5339,0.4719,11.834,3
数码,午场,福利型,50348.0,219250.0,45.81,288180,10306.0,2759,40660,14,1245839.32,138.68,0.0842,0.4423,0.6402,12.053,3
数码,晚场,福利型,37306.0,145633.0,35.07,138887,3341.0,1499,26489,14,530391.65,110.01,0.1755,0.6122,0.4746,6.287,2
食品,午场,专业讲解型,7669.0,20144.0,8.56,36234,1108.0,356,4954,5,47550.46,55.21,0.2595,0.6788,0.3439,1.429,0
服饰,晚场,福利型,16491.0,80307.0,24.77,151380,2585.0,731,12873,9,113773.25,77.51,0.2005,0.5576,0.4145,4.694,1
数码,深夜场,福利型,6903.0,22427.0,16.81,27450,1057.0,211,2768,5,54361.65,87.36,0.3013,0.7609,0.1999,1.533,0
美妆,晚场,专业讲解型,6221.0,25459.0,11.0,41857,917.0,100,4038,7,111122.15,73.47,0.2714,0.6924,0.0933,0.955,0
数码,晚场,专业讲解型,33717.0,,27.02,160978,4639.0,1018,21610,13,474810.29,93.69,0.1809,0.5178,0.4295,6.207,2
美妆,早场,娱乐互动型,31409.0,86005.0,23.53,107885,4995.0,1279,25039,15,188348.52,112.13,0.2247,0.4598,0.3796,9.009,2
数码,早场,娱乐互动型,62637.0,,41.66,806446,10479.0,5822,58235,18,1113728.46,202.22,0.1498,0.3934,0.6275,16.099,3
食品,午场,福利型,11096.0,62183.0,23.06,109971,2401.0,264,12996,7,108652.22,74.95,0.2229,0.6045,0.3465,2.852,1
美妆,晚场,专业讲解型,12811.0,73381.0,18.97,109524,1840.0,233,5610,8,196592.44,74.14,0.219,0.678,0.3558,5.102,2
美妆,早场,娱乐互动型,11926.0,79176.0,21.27,40724,1140.0,402,8783,8,182447.1,70.39,0.2567,0.6059,0.211,2.449,1
数码,晚场,福利型,6679.0,29569.0,22.35,32373,,190,2791,6,52626.29,41.47,0.2839,0.8044,0.1302,1.644,0
服饰,深夜场,娱乐互动型,3612.0,25524.0,21.45,20839,823.0,148,4363,4,52741.84,88.88,0.2641,0.7931,0.1614,0.3,0
美妆,深夜场,测评型,13109.0,75299.0,24.24,104479,1203.0,464,14186,10,166700.26,91.96,0.2372,0.756,0.3031,3.536,1
食品,深夜场,测评型,5265.0,8981.0,9.11,40995,945.0,115,3344,8,47188.67,95.37,0.2699,0.7926,0.3093,1.343,0
食品,晚场,福利型,24534.0,96472.0,30.98,159644,6833.0,1281,23750,12,612404.65,116.1,0.135,0.4667,0.4984,8.704,2
食品,晚场,专业讲解型,14778.0,46678.0,23.92,109958,2052.0,610,6699,9,191053.67,67.31,0.2505,0.7783,0.4235,3.994,1
美妆,晚场,福利型,30714.0,139873.0,32.52,276174,4843.0,958,22770,14,566993.7,111.12,0.1935,0.52,0.4705,5.887,2
数码,午场,福利型,18252.0,76032.0,27.82,144799,5036.0,1139,23343,14,540633.98,110.69,0.1843,0.5993,0.2414,9.643,2
食品,午场,专业讲解型,10985.0,75326.0,27.75,91251,1510.0,577,8867,8,254195.73,65.96,0.2482,,0.2036,3.57,1
食品,晚场,福利型,20017.0,109469.0,29.85,250291,3539.0,1493,17474,12,588559.05,149.01,0.1218,0.6678,0.422,7.073,2
美妆,晚场,福利型,23736.0,195187.0,30.17,307661,3946.0,1236,18450,13,939262.16,103.61,0.1631,0.4608,0.3917,10.194,3
美妆,早场,测评型,15914.0,117066.0,20.65,140471,1960.0,453,12058,9,187091.04,68.65,0.1711,0.5365,0.3323,3.243,1
食品,晚场,专业讲解型,16215.0,71596.0,20.38,130562,3128.0,579,14338,11,315451.85,87.05,0.2409,0.7016,0.1922,4.576,1
食品,晚场,娱乐互动型,35695.0,167419.0,37.95,188224,3303.0,1154,26862,13,842259.96,98.5,0.1823,0.4709,0.446,5.552,2
服饰,晚场,福利型,6163.0,28676.0,23.09,38886,844.0,100,3154,5,60331.43,79.87,0.2642,0.8631,0.1849,1.703,0
服饰,晚场,专业讲解型,10501.0,17179.0,8.0,28940,804.0,233,4886,5,109570.37,73.54,0.2764,0.837,0.2018,1.315,0
服饰,午场,福利型,5502.0,37574.0,8.0,24506,607.0,180,3871,3,46043.29,39.5,0.356,0.9041,0.1471,0.369,0
数码,晚场,专业讲解型,23982.0,105740.0,31.66,102810,3293.0,1163,29232,13,356783.59,120.38,0.142,0.6006,0.4091,6.484,2
食品,晚场,娱乐互动型,29419.0,131000.0,38.13,294520,4520.0,1682,48274,16,368522.06,88.32,0.222,0.4653,0.3042,7.41,2
食品,早场,测评型,17502.0,97161.0,29.15,132307,9556.0,1231,34531,12,449754.22,92.16,0.0772,0.4398,0.2652,7.926,2
美妆,深夜场,测评型,17836.0,136558.0,33.64,236713,,1342,32828,11,502101.53,115.19,0.1508,0.4602,0.3153,7.372,2
美妆,午场,娱乐互动型,12054.0,47575.0,23.11,119354,2570.0,995,15799,6,324476.15,66.44,0.2566,0.6654,0.247,4.169,1
食品,午场,福利型,14421.0,84744.0,19.81,108646,1605.0,434,13453,8,330905.77,67.32,0.255,0.6678,0.3437,3.419,1
数码,午场,娱乐互动型,4352.0,30680.0,18.6,49543,1575.0,359,3725,6,52254.55,55.42,0.249,0.8896,0.2091,0.537,0
美妆,深夜场,专业讲解型,2691.0,27282.0,16.24,38206,,178,7974,7,59320.9,47.1,0.2562,0.5897,0.2006,1.402,0
服饰,深夜场,娱乐互动型,13060.0,77693.0,32.21,99800,6131.0,1684,23992,8,291260.1,127.19,0.0728,0.5222,0.3156,8.697,2
服饰,午场,娱乐互动型,12887.0,91789.0,22.19,111500,1230.0,867,8231,7,178603.83,47.87,0.228,0.7374,0.3034,2.679,1
美妆,午场,测评型,6501.0,44333.0,26.51,93427,2079.0,973,12198,10,464851.4,72.15,0.1921,0.6942,0.3151,3.543,1
美妆,深夜场,娱乐互动型,19790.0,82354.0,35.66,199241,4526.0,1566,17196,13,806333.47,113.39,0.1568,0.5094,0.3772,6.948,2
数码,早场,福利型,12925.0,142655.0,30.48,236193,3333.0,2095,38733,14,282484.01,119.92,0.1842,0.4216,0.4081,8.951,2
美妆,晚场,专业讲解型,14082.0,98924.0,27.9,31161,1610.0,450,5993,9,328828.56,56.44,0.2318,0.5867,0.2262,4.103,1
服饰,早场,测评型,6514.0,92390.0,25.41,79740,2201.0,280,15329,8,167592.01,67.15,0.1997,0.7156,0.3005,3.55,1
食品,午场,专业讲解型,9782.0,101278.0,16.73,132155,2905.0,347,21428,10,252864.94,76.5,0.2124,0.6432,0.3112,2.966,1
服饰,晚场,专业讲解型,8175.0,38624.0,18.62,45434,727.0,126,3181,3,83332.09,53.5,0.2546,0.5236,0.0802,1.069,0
数码,早场,福利型,7452.0,83106.0,22.42,108194,4671.0,982,9518,7,160615.95,85.18,0.2163,0.6284,0.3974,4.072,1
服饰,晚场,娱乐互动型,10699.0,33546.0,19.85,31233,682.0,246,5762,6,48894.46,30.52,0.2201,0.6186,0.1888,1.128,0
美妆,晚场,专业讲解型,12304.0,65710.0,31.38,51042,1569.0,917,12126,10,221091.32,81.94,0.2472,0.5952,0.3502,3.742,1
数码,午场,测评型,17671.0,114349.0,29.51,123700,3799.0,723,28829,10,615834.38,83.73,0.1502,0.5,0.516,5.976,2
服饰,午场,福利型,3048.0,25721.0,23.99,42158,942.0,254,5593,3,36074.02,58.79,0.245,0.865,0.1548,1.964,0
食品,晚场,娱乐互动型,6078.0,29268.0,14.3,58716,1399.0,194,2121,7,93156.21,60.57,0.3044,0.6668,0.3407,0.715,0
服饰,晚场,娱乐互动型,10003.0,99987.0,21.96,131155,2248.0,530,16245,8,113887.71,61.54,0.2393,0.6916,0.1546,2.606,1
食品,晚场,娱乐互动型,8829.0,58490.0,20.09,128053,2747.0,522,9262,9,159599.89,55.36,0.1871,0.6092,0.1869,3.164,1
服饰,晚场,福利型,24954.0,128440.0,33.37,206064,,782,26245,15,260951.6,111.22,0.2116,0.5378,0.454,6.192,2
服饰,晚场,福利型,6732.0,86630.0,19.06,83344,1274.0,323,9931,7,,84.15,0.2312,0.6791,0.4062,4.671,1
服饰,早场,娱乐互动型,29921.0,80599.0,30.75,332972,5907.0,1362,24250,12,530947.3,100.46,0.1685,0.5563,0.3558,6.969,2
数码,晚场,测评型,27133.0,112213.0,34.31,182957,5614.0,1719,27651,15,249334.73,133.63,0.1831,0.6362,0.3124,8.273,2
食品,早场,娱乐互动型,11907.0,76063.0,15.94,137448,2076.0,510,6557,10,77325.14,87.67,0.1678,0.6643,0.2705,3.673,1
数码,晚场,福利型,21502.0,186544.0,34.15,180864,4552.0,697,29441,9,736883.13,107.32,0.2535,0.462,0.4018,7.435,2
服饰,早场,娱乐互动型,5855.0,26012.0,17.13,31518,891.0,112,4385,6,60026.76,25.93,0.3046,0.7892,0.1219,0.3,0
美妆,晚场,测评型,5582.0,41708.0,13.44,43790,662.0,197,4014,7,63606.63,26.69,0.2216,0.7174,0.0801,1.594,0
美妆,午场,娱乐互动型,3381.0,27357.0,11.49,33866,966.0,100,4530,9,55461.21,59.68,0.3059,0.7469,0.1335,0.539,0
数码,早场,专业讲解型,15815.0,118697.0,29.67,149606,5316.0,661,36351,10,380634.89,139.61,0.2095,0.5578,0.3348,7.753,2
服饰,晚场,娱乐互动型,12653.0,67914.0,22.14,59010,1727.0,781,6776,8,159422.42,78.0,0.2064,0.7782,0.3205,3.342,1
数码,深夜场,专业讲解型,4024.0,24184.0,14.03,47839,610.0,142,3404,4,82128.2,66.32,0.3298,0.9414,0.0975,0.3,0
美妆,晚场,专业讲解型,10880.0,52544.0,18.79,80814,1175.0,661,7827,14,181360.49,77.3,0.1747,0.7965,0.3696,4.956,1
数码,晚场,福利型,4741.0,44221.0,19.24,41617,392.0,142,5233,8,113081.77,26.34,0.2806,0.8412,0.0473,0.651,0
食品,晚场,福利型,14752.0,125088.0,30.69,196545,4059.0,1069,25671,13,509154.33,97.63,0.1732,0.3963,0.4482,8.001,2
服饰,晚场,娱乐互动型,7512.0,41783.0,24.1,97506,2197.0,463,12987,10,,71.31,,0.7215,0.3777,3.877,1
食品,午场,娱乐互动型,13997.0,85639.0,19.5,90301,2688.0,564,7343,9,220409.77,77.58,0.2277,0.6393,0.3983,3.001,1
美妆,早场,福利型,14069.0,39888.0,17.76,47904,2093.0,360,9284,10,143799.06,80.16,0.2095,0.7138,0.318,3.921,1
数码,晚场,测评型,27665.0,95698.0,34.62,123142,7049.0,1623,28527,13,526440.99,117.21,0.157,0.5688,0.4798,8.454,2
服饰,晚场,专业讲解型,9634.0,43330.0,25.92,160095,2964.0,258,13241,11,181016.43,77.83,0.1497,0.6813,0.1949,4.547,1
食品,晚场,娱乐互动型,8646.0,25224.0,11.45,18925,838.0,165,2556,6,65523.71,35.64,0.2506,0.8457,0.2282,0.425,0
美妆,深夜场,娱乐互动型,4773.0,23198.0,14.12,46876,700.0,251,5011,3,84789.47,19.0,0.2484,0.842,0.1546,1.536,0
食品,晚场,测评型,28938.0,344257.0,42.78,237167,7338.0,1766,79165,19,633563.74,137.74,0.0898,0.5535,0.442,15.979,3
食品,深夜场,福利型,29880.0,154841.0,37.9,427970,6734.0,1305,53135,14,647729.63,128.64,0.0895,0.6101,0.5545,12.318,3
食品,晚场,福利型,26319.0,105037.0,35.63,135880,4473.0,1012,27403,11,515165.28,100.75,0.1443,0.5888,0.4291,6.415,2
服饰,晚场,福利型,6075.0,28415.0,16.42,72887,575.0,277,2291,6,133110.64,63.8,0.276,0.7152,0.1825,1.393,0
服饰,早场,专业讲解型,44398.0,181603.0,39.77,223635,10318.0,3198,64616,19,1010606.82,152.06,0.1306,0.4427,0.5075,16.382,3
食品,晚场,测评型,27981.0,144518.0,26.38,266638,4160.0,721,38035,14,363838.78,136.99,0.1931,0.5492,0.5372,6.72,2
数码,早场,专业讲解型,24715.0,129552.0,32.06,136518,4500.0,1071,16968,10,584987.09,58.17,0.1772,0.5118,0.5147,6.021,2
食品,早场,福利型,11355.0,69731.0,21.15,138546,1461.0,617,14106,10,352028.65,62.26,0.1717,0.5805,0.3328,2.927,1
服饰,午场,娱乐互动型,6817.0,19142.0,20.64,109422,1045.0,258,3587,3,52637.85,35.33,0.2194,0.8978,0.2018,1.227,0
数码,早场,专业讲解型,7205.0,25790.0,18.12,32679,,105,2230,5,66298.09,31.85,0.2688,0.7643,0.03,0.509,0
美妆,早场,测评型,30406.0,228889.0,47.09,472519,8704.0,2176,49055,18,1049258.46,156.33,0.1246,0.5155,0.5576,15.3,3
数码,深夜场,福利型,5701.0,73368.0,24.03,53642,1612.0,740,9601,7,252760.55,57.15,0.1921,0.6769,0.3112,2.465,1
食品,午场,福利型,6307.0,24368.0,16.25,41793,991.0,277,5016,6,48969.28,56.22,0.269,0.7755,0.3565,1.092,0
食品,晚场,福利型,13341.0,122783.0,21.49,109491,1565.0,482,11370,10,237496.88,98.66,0.2167,0.6334,0.4963,4.222,1
美妆,早场,专业讲解型,8448.0,73301.0,21.54,88874,1760.0,633,8007,6,194700.19,86.82,0.2316,0.5952,0.3342,3.295,1
美妆,早场,测评型,7917.0,30461.0,18.42,54156,2141.0,100,3316,4,48259.87,35.6,0.2595,0.6627,0.2068,0.405,0
美妆,早场,专业讲解型,24862.0,104750.0,40.48,195391,2240.0,751,14896,13,459966.78,96.57,0.2404,0.5939,0.4681,5.467,2
美妆,午场,福利型,22042.0,72302.0,31.28,208022,4586.0,928,21877,12,495499.38,115.89,0.2078,0.5265,0.3735,8.942,2
美妆,晚场,测评型,30918.0,173355.0,37.17,335415,3175.0,1105,26093,12,451266.7,78.26,0.1732,0.4885,0.4169,9.257,2
食品,早场,娱乐互动型,11474.0,67038.0,31.74,107712,2453.0,366,6955,12,130286.9,57.21,0.2186,0.6528,0.2078,2.889,1
服饰,晚场,娱乐互动型,16773.0,171759.0,33.97,166590,2842.0,953,25548,15,394057.51,103.48,0.1936,0.3595,0.4927,6.978,2
数码,晚场,专业讲解型,17585.0,78546.0,13.49,64584,1889.0,445,12233,10,262809.49,72.14,0.1554,0.6236,0.3133,2.631,1
服饰,早场,福利型,21759.0,53462.0,26.89,400568,4084.0,595,38604,13,,109.99,0.186,0.579,0.4658,7.076,2
食品,早场,专业讲解型,6232.0,34586.0,20.81,30145,1202.0,256,9566,4,54423.56,49.49,0.2528,0.6888,0.03,0.818,0
数码,晚场,福利型,22316.0,68669.0,28.16,107115,2764.0,613,16271,9,252677.39,82.59,0.2099,0.6924,0.4588,4.108,1
美妆,午场,福利型,7568.0,26076.0,8.0,48228,423.0,361,4434,7,47401.24,27.05,0.2791,0.7573,0.1407,1.367,0
服饰,早场,娱乐互动型,14757.0,71623.0,28.92,91458,1008.0,513,13614,7,169224.93,63.55,0.2726,0.72,0.3321,3.789,1
食品,深夜场,娱乐互动型,6788.0,28875.0,23.6,109487,3160.0,1002,17353,7,136843.95,84.65,0.3086,0.7784,0.3696,3.075,1
服饰,深夜场,测评型,3475.0,21066.0,15.54,61121,706.0,100,4935,4,56740.33,53.44,0.2604,0.8232,0.0574,0.501,0
数码,深夜场,专业讲解型,3014.0,26427.0,20.49,34453,402.0,235,2469,6,40974.59,34.12,0.2545,0.7453,0.1285,0.869,0
美妆,晚场,专业讲解型,14043.0,57487.0,19.54,47752,1992.0,419,4914,7,154951.07,104.36,0.1604,0.5447,0.3688,4.052,1
数码,午场,专业讲解型,6535.0,14531.0,8.56,31724,1376.0,152,4337,8,135883.37,44.62,0.2694,0.9058,0.0582,0.524,0
服饰,午场,娱乐互动型,39241.0,173144.0,39.07,456053,14664.0,2846,61361,19,697488.48,158.31,0.1487,0.6583,0.5199,14.535,3
数码,晚场,娱乐互动型,11173.0,61878.0,25.16,73168,1792.0,571,14441,7,111456.76,41.5,0.1759,0.5549,0.2676,3.062,1
数码,午场,专业讲解型,9723.0,80726.0,25.65,85481,1531.0,407,11661,10,131012.24,76.66,0.1489,0.6769,0.341,2.145,1
服饰,晚场,娱乐互动型,13794.0,67829.0,22.6,93915,2149.0,761,16317,8,282543.33,63.37,0.2468,0.599,0.3673,3.798,1
服饰,深夜场,专业讲解型,4057.0,30424.0,18.21,38185,1138.0,216,6201,7,95217.1,61.46,0.3017,0.7354,0.1319,0.3,0
美妆,深夜场,专业讲解型,37393.0,163395.0,43.04,595083,10930.0,1356,56006,21,782036.0,112.59,0.1863,0.5046,0.5444,13.061,3
数码,早场,福利型,15171.0,66419.0,23.98,102857,1947.0,821,7960,5,223187.2,87.36,0.2368,0.6926,0.2544,3.583,1
食品,早场,娱乐互动型,19243.0,190583.0,25.06,246569,2747.0,1214,22631,8,550017.04,98.16,0.0965,0.6172,0.5248,8.821,2
数码,深夜场,娱乐互动型,6860.0,34051.0,20.53,28950,987.0,244,2353,6,123855.0,66.52,0.3216,0.7746,0.1741,0.779,0
服饰,晚场,福利型,18503.0,96451.0,19.04,137168,2007.0,628,12166,10,218639.15,101.38,0.2308,0.7099,0.2133,5.381,2
服饰,晚场,福利型,8273.0,55716.0,27.95,108074,1059.0,819,8823,11,205969.64,79.68,0.2613,0.5882,0.2006,4.667,1
食品,晚场,测评型,31066.0,318962.0,40.59,313821,4698.0,2008,59854,19,882833.35,174.83,0.096,0.3954,0.673,11.602,3
服饰,午场,专业讲解型,16066.0,,19.73,83746,1857.0,329,10314,9,268279.72,97.73,0.2085,0.6429,0.3331,3.96,1
食品,午场,专业讲解型,8385.0,45660.0,28.79,80471,3196.0,394,11525,13,124321.57,41.84,0.265,0.5939,0.2783,4.325,1
美妆,晚场,测评型,6171.0,34331.0,11.97,27393,708.0,104,3668,6,66690.3,50.12,0.2693,0.7075,0.2353,0.868,0
食品,晚场,福利型,12137.0,74988.0,29.26,116797,,655,15578,8,300949.8,63.58,0.168,0.6713,0.1395,2.789,1
数码,晚场,测评型,9071.0,52875.0,22.75,74787,2937.0,689,12303,9,243739.91,60.48,0.25,0.571,0.3468,4.551,1
食品,晚场,福利型,14519.0,33467.0,24.21,93947,2033.0,722,10251,6,202144.01,77.22,0.224,0.673,0.3631,2.979,1
服饰,午场,专业讲解型,3383.0,27194.0,13.66,30741,582.0,168,7570,3,43164.73,31.57,0.3305,0.723,0.1779,0.545,0
食品,晚场,专业讲解型,49320.0,,28.59,225790,3214.0,560,36029,15,816820.06,96.54,0.1642,0.61,0.4413,5.674,2
美妆,午场,专业讲解型,56814.0,163078.0,45.56,404294,11702.0,3621,48043,14,813072.87,161.0,0.101,0.3945,0.4043,11.676,3
数码,晚场,福利型,8509.0,35438.0,15.02,38007,792.0,563,5017,5,,36.8,0.3227,0.7071,0.2201,0.976,0
食品,晚场,测评型,13019.0,67481.0,20.69,72626,3021.0,460,8165,7,312186.58,88.16,0.2396,0.6394,0.3259,2.731,1
美妆,早场,福利型,7025.0,20340.0,12.58,41810,1683.0,100,4591,3,52058.67,48.44,0.2553,0.7173,0.1806,0.527,0
服饰,晚场,测评型,30595.0,167543.0,25.84,199852,5447.0,743,26076,12,1079284.15,139.64,0.1117,0.7495,0.3368,9.838,2
美妆,晚场,测评型,14902.0,66624.0,25.22,92147,2736.0,493,9950,11,260241.46,89.17,0.1967,0.5764,0.2346,3.89,1
服饰,晚场,专业讲解型,23726.0,194061.0,37.47,196006,3225.0,2001,25497,13,502923.86,88.98,0.1186,0.6006,0.3473,7.157,2
美妆,晚场,专业讲解型,28584.0,198894.0,32.26,219915,2255.0,850,18440,9,590071.45,64.63,0.1237,0.507,0.3435,6.798,2
食品,午场,福利型,25924.0,152953.0,31.99,230196,5914.0,1334,22896,12,360553.61,112.59,0.1667,0.4969,0.357,5.893,2
食品,午场,专业讲解型,4319.0,31824.0,13.76,21393,1143.0,146,3684,6,96959.51,55.36,0.228,0.8035,0.1412,1.503,0
食品,晚场,娱乐互动型,54775.0,422120.0,49.3,785798,7243.0,4228,47622,18,740654.06,133.4,0.0963,0.5219,0.6141,14.141,3
服饰,晚场,福利型,5266.0,38131.0,20.71,58255,706.0,100,2386,8,66650.5,41.49,0.3275,0.8612,0.182,1.06,0
美妆,晚场,娱乐互动型,10158.0,34097.0,18.9,60603,610.0,275,3822,3,36417.24,36.67,0.2886,0.7691,0.1947,1.604,0
服饰,午场,专业讲解型,11978.0,48248.0,23.11,48553,2948.0,370,20114,8,257952.54,75.04,0.2189,0.6133,0.2895,3.308,1
美妆,深夜场,专业讲解型,7594.0,48344.0,20.56,190096,1744.0,863,9862,9,97480.91,67.95,0.2274,0.7869,0.2978,3.714,1
数码,午场,福利型,20655.0,209032.0,30.06,158294,3237.0,3067,33795,12,743184.29,117.38,0.2388,0.4262,0.3888,6.935,2
服饰,晚场,专业讲解型,22973.0,163261.0,41.44,159066,3710.0,1150,35659,11,454166.55,124.03,0.1833,0.3864,0.312,7.598,2
数码,早场,测评型,10487.0,58192.0,25.94,52839,,532,10169,10,117053.29,82.43,0.2582,0.6989,0.2911,2.339,1
美妆,晚场,专业讲解型,,251988.0,39.44,303025,9655.0,2255,70080,19,1578469.72,170.62,0.1549,0.3753,0.4777,11.449,3
食品,深夜场,专业讲解型,8359.0,44300.0,20.31,76105,2718.0,517,23158,9,139855.67,76.07,0.229,0.6948,0.4461,2.272,1
美妆,晚场,娱乐互动型,8360.0,82982.0,28.07,72414,2063.0,286,7018,11,180408.82,56.04,0.228,0.6182,0.2423,3.293,1
数码,深夜场,娱乐互动型,4938.0,28492.0,20.95,31891,1277.0,153,7534,3,88990.71,43.18,0.3405,0.8073,0.0987,0.3,0
服饰,午场,娱乐互动型,41176.0,222469.0,46.03,433544,6581.0,2195,64688,20,1725283.08,159.03,0.1301,0.5099,0.4967,10.467,3
服饰,晚场,专业讲解型,7125.0,32136.0,18.75,42371,870.0,222,4143,6,59486.61,61.65,0.2934,0.7064,0.1841,0.488,0
服饰,早场,测评型,7839.0,33937.0,18.15,69798,748.0,569,3905,6,56552.25,61.7,0.2992,0.7509,0.3221,0.3,0
数码,晚场,娱乐互动型,14593.0,66184.0,20.57,74488,5273.0,499,6587,7,208600.84,85.84,0.2394,0.7141,0.2284,4.875,1
数码,深夜场,专业讲解型,27935.0,140570.0,47.26,458114,12667.0,2639,76932,14,1140030.52,148.19,0.1419,0.4804,0.471,10.929,3
数码,晚场,福利型,60124.0,184409.0,39.08,321415,9133.0,1781,38064,16,1191842.67,123.75,0.1159,0.5347,0.4459,14.878,3
食品,晚场,专业讲解型,21102.0,181511.0,30.78,264947,4996.0,965,30313,13,809656.05,95.13,0.1714,0.5451,0.4663,5.947,2
服饰,午场,福利型,29047.0,297583.0,51.94,587871,17054.0,3088,35256,14,1071517.65,134.34,0.088,0.445,0.5992,10.934,3
服饰,晚场,测评型,36675.0,322654.0,41.06,435777,13214.0,3445,80260,15,1707606.41,129.65,0.1291,0.4707,0.5888,15.038,3
服饰,晚场,娱乐互动型,16571.0,71694.0,27.6,96231,1265.0,796,9326,9,169331.87,105.6,0.1893,0.633,0.2886,3.239,1
数码,午场,专业讲解型,9588.0,64022.0,12.0,83849,1613.0,351,14841,8,169159.11,69.21,0.1529,0.5694,0.3569,3.438,1
美妆,晚场,福利型,40376.0,164448.0,29.77,326783,3815.0,1856,16831,15,491348.56,86.49,0.1624,0.5722,0.3704,9.728,2
食品,深夜场,测评型,20440.0,97405.0,30.23,189804,5213.0,2407,35117,14,1216754.66,114.29,0.187,0.6063,0.3293,7.616,2
数码,晚场,娱乐互动型,12362.0,70846.0,27.35,132226,1956.0,427,15099,10,121059.41,70.36,0.2258,0.7223,0.3528,3.863,1
美妆,深夜场,娱乐互动型,3916.0,20946.0,16.08,39764,475.0,177,4276,5,51273.6,63.78,0.2322,0.6298,0.1521,0.58,0
服饰,深夜场,娱乐互动型,11972.0,93318.0,33.03,220274,5972.0,892,26545,13,551117.51,90.5,0.1579,0.3337,0.3603,7.673,2
数码,午场,福利型,5414.0,14780.0,16.86,29084,1090.0,127,4240,5,72274.61,57.24,0.2611,0.6371,0.0618,1.083,0
食品,早场,测评型,50035.0,205166.0,39.14,326611,9740.0,2941,109445,16,955118.14,152.67,0.1192,0.41,0.4261,12.168,3
美妆,深夜场,福利型,3785.0,17210.0,18.34,49674,670.0,187,2317,5,64277.4,69.85,0.245,0.8441,0.0587,1.538,0
食品,晚场,专业讲解型,5856.0,46590.0,17.97,34509,371.0,100,4377,5,52084.08,56.18,0.274,0.8356,0.1909,1.199,0
美妆,晚场,测评型,33382.0,106254.0,43.26,205264,4913.0,1342,47407,14,322960.8,130.26,0.1581,0.5586,0.3077,6.308,2
服饰,晚场,专业讲解型,5993.0,49643.0,23.93,35574,818.0,156,5983,5,66183.66,72.61,0.2512,0.757,0.0535,0.63,0
食品,晚场,专业讲解型,9772.0,24830.0,16.95,25159,738.0,241,4339,3,48406.86,30.14,0.2872,0.9251,0.289,1.593,0
美妆,晚场,娱乐互动型,8420.0,63443.0,27.38,118518,1309.0,696,5298,8,316320.57,76.33,0.2025,0.7311,0.358,4.643,1
数码,晚场,娱乐互动型,60849.0,277417.0,43.36,381009,6771.0,2079,54822,18,1914767.38,144.25,0.1551,0.5363,0.5315,15.561,3
食品,晚场,福利型,7754.0,22782.0,16.65,71661,863.0,245,5001,3,91711.66,29.91,0.2481,0.8461,0.2085,1.714,0
食品,早场,福利型,11038.0,68350.0,20.09,99139,1855.0,302,7821,12,205945.18,52.18,0.1661,0.651,0.4049,4.225,1
美妆,早场,福利型,23962.0,82351.0,35.75,184102,6688.0,928,27515,13,454807.59,112.28,0.1607,0.4981,0.5384,9.697,2
食品,晚场,专业讲解型,40254.0,193054.0,47.14,198277,12448.0,2361,56072,18,1417268.34,130.13,0.1451,0.4591,0.4495,13.064,3
美妆,深夜场,测评型,11564.0,37041.0,24.96,114486,2320.0,646,11794,8,125111.5,41.84,0.2319,0.6749,0.3246,2.749,1
美妆,午场,福利型,5622.0,25602.0,17.24,81976,642.0,223,3251,4,63881.55,79.25,0.333,0.7959,0.1499,1.333,0
服饰,晚场,测评型,3948.0,43494.0,19.87,81579,491.0,313,4295,7,43085.21,81.43,0.2975,0.7569,0.2316,0.819,0
食品,早场,测评型,3273.0,32250.0,20.77,27381,903.0,162,4665,4,47712.26,73.94,0.2678,0.9218,0.1837,1.243,0
数码,晚场,娱乐互动型,7954.0,41316.0,13.39,38496,866.0,126,3860,8,83343.45,30.77,0.2155,0.8932,0.1728,2.161,1
服饰,晚场,娱乐互动型,36910.0,122999.0,37.47,210776,8155.0,1394,34162,14,704474.7,111.26,0.1619,0.7032,0.3374,6.651,2
数码,午场,娱乐互动型,4876.0,28128.0,15.32,23136,923.0,136,2411,6,77103.33,64.48,0.2899,0.6054,0.0711,0.3,0
美妆,早场,测评型,9075.0,59166.0,20.47,103460,1888.0,404,7503,9,117743.12,83.69,0.3119,0.768,0.3375,3.697,1
服饰,早场,娱乐互动型,30075.0,94395.0,29.2,195339,3409.0,793,25583,11,370343.0,90.94,0.1883,0.5314,0.3957,7.674,2
服饰,晚场,专业讲解型,14807.0,80883.0,22.41,87432,1369.0,346,13430,9,249092.86,81.06,0.2216,0.7157,0.3548,3.983,1
数码,晚场,测评型,6918.0,35934.0,17.13,38160,618.0,234,10439,5,78629.73,46.97,0.2529,0.8836,0.1262,0.779,0
服饰,深夜场,福利型,11193.0,115822.0,43.2,182068,2759.0,1780,20603,15,373998.97,93.63,0.1638,0.6106,0.3918,8.322,2
服饰,深夜场,专业讲解型,17082.0,71962.0,33.59,96312,3680.0,1467,28647,14,403508.37,126.06,0.2024,0.5857,0.4842,8.307,2
美妆,晚场,测评型,27875.0,155550.0,36.36,129702,3131.0,1310,25414,9,645863.64,71.66,0.1369,0.6581,0.556,9.946,2
食品,早场,福利型,9056.0,22985.0,14.09,69211,806.0,272,2617,5,36362.15,36.0,0.2994,0.756,0.1545,1.229,0
美妆,晚场,专业讲解型,8546.0,15915.0,12.67,37004,772.0,209,4575,5,63784.05,50.58,0.3102,0.7014,0.175,1.166,0
食品,晚场,娱乐互动型,64822.0,353236.0,42.74,384565,9224.0,2713,78862,18,1255662.26,124.75,0.0861,0.6215,0.5358,11.936,3
美妆,晚场,专业讲解型,15260.0,66118.0,21.73,80101,1109.0,464,11543,12,218890.36,33.98,0.2167,0.8792,0.3493,2.647,1
数码,午场,测评型,7529.0,53162.0,23.37,44141,1203.0,481,9214,9,117662.8,88.85,0.1786,0.7914,0.1427,4.771,1
服饰,早场,娱乐互动型,12014.0,66763.0,23.07,68249,1743.0,348,6973,9,121491.53,81.75,0.1744,0.6837,0.2409,2.632,1
食品,午场,测评型,16995.0,116625.0,28.08,155741,,834,17621,10,211637.36,85.99,0.192,0.4221,0.3006,9.584,2
数码,晚场,娱乐互动型,59325.0,306363.0,36.91,381837,5874.0,7575,36016,15,803403.2,118.06,0.1673,0.6438,0.5119,11.792,3
服饰,早场,福利型,10067.0,49284.0,23.89,112249,2317.0,489,7380,10,180790.1,91.99,0.2477,0.5463,0.1653,2.872,1
美妆,深夜场,福利型,39853.0,249036.0,44.59,445364,15750.0,3574,61321,20,877470.2,139.52,0.0907,0.5062,0.649,12.899,3
服饰,晚场,娱乐互动型,6390.0,30374.0,13.09,92708,898.0,177,4235,3,58788.6,72.7,0.248,0.6937,0.2848,2.04,1
服饰,深夜场,福利型,8846.0,40795.0,19.02,67820,1667.0,372,6366,9,168046.78,106.61,0.1966,0.6837,0.305,4.097,1
食品,早场,福利型,23016.0,107880.0,30.57,128253,3729.0,998,18145,13,729679.84,88.65,0.1799,0.4673,0.3856,8.165,2
服饰,早场,测评型,7301.0,24450.0,13.4,22571,874.0,252,4583,10,107212.5,49.46,0.2589,0.7976,0.113,0.478,0
美妆,早场,娱乐互动型,6666.0,39996.0,16.68,38688,1559.0,298,3790,6,69600.42,61.51,0.2225,0.6366,0.109,1.177,0
食品,晚场,娱乐互动型,12380.0,71884.0,18.1,83165,2542.0,692,8327,9,458549.4,75.68,0.1957,0.6461,0.2874,2.505,1
服饰,深夜场,专业讲解型,27586.0,182266.0,42.34,295284,8459.0,2660,79754,17,969146.52,135.25,0.14,0.4801,0.6193,13.239,3
食品,早场,专业讲解型,11780.0,,20.39,68218,1918.0,562,8066,8,174174.43,36.12,0.2123,0.6474,0.2672,3.341,1
数码,晚场,娱乐互动型,23849.0,230191.0,41.42,346323,15251.0,4146,61513,17,1656120.99,144.64,0.0914,0.3127,0.5147,15.652,3
食品,早场,测评型,16949.0,85514.0,34.21,97061,5213.0,1500,29895,12,584943.54,108.08,0.1428,0.698,0.3819,8.747,2
数码,晚场,测评型,19583.0,68952.0,25.24,103351,1437.0,590,8106,7,,93.54,0.1953,0.6013,0.2284,2.642,1
服饰,晚场,娱乐互动型,30543.0,132739.0,36.04,186086,4588.0,872,36002,11,640161.62,103.72,0.1332,0.5013,0.5206,8.951,2
食品,早场,测评型,5279.0,61658.0,17.14,30634,1315.0,100,4328,9,62409.5,23.8,0.2561,0.8764,0.2101,0.526,0
美妆,午场,测评型,6085.0,36330.0,20.21,41056,501.0,108,4981,3,60065.69,60.47,0.2302,0.6781,0.1725,1.092,0
美妆,晚场,娱乐互动型,25296.0,112606.0,27.72,173107,5707.0,1437,13278,11,863400.09,106.43,0.1204,0.7385,0.4077,9.495,2
数码,深夜场,测评型,14731.0,168094.0,36.01,239999,5260.0,751,39130,11,455827.11,75.49,0.0986,0.5755,0.3453,7.276,2
美妆,深夜场,专业讲解型,6979.0,20966.0,16.04,47753,1184.0,157,4246,6,67858.26,52.6,0.2658,0.8704,0.2768,1.153,0
服饰,午场,娱乐互动型,17328.0,66424.0,36.08,64395,1626.0,647,11923,12,142454.94,92.29,0.2607,0.7164,0.2031,2.93,1
服饰,早场,娱乐互动型,11647.0,61373.0,22.69,122325,2092.0,399,7506,7,194552.71,75.51,0.2275,0.7001,0.2298,2.285,1
食品,早场,专业讲解型,24036.0,72660.0,28.84,253745,2340.0,1682,42167,12,531615.55,125.14,0.1537,0.6194,0.3563,5.845,2
食品,午场,福利型,15212.0,55390.0,17.92,66917,2376.0,1112,11909,8,235361.17,71.69,0.2068,0.5833,0.3927,4.623,1
食品,午场,娱乐互动型,9806.0,88545.0,20.14,77044,1977.0,646,9115,5,132948.59,99.06,0.2226,0.6961,0.2591,4.255,1
数码,早场,专业讲解型,9715.0,76285.0,20.11,69026,1806.0,480,11409,13,202480.53,33.2,0.2314,0.663,0.2835,2.138,1
美妆,晚场,测评型,15410.0,59766.0,19.21,244930,,498,6506,9,153215.03,68.04,0.2566,0.6978,0.3255,3.004,1
食品,晚场,专业讲解型,38017.0,175183.0,34.31,133448,4534.0,919,26242,12,277490.55,125.19,0.1672,0.5112,0.3652,5.639,2
服饰,深夜场,娱乐互动型,20240.0,112604.0,31.2,138511,5101.0,725,18716,11,554652.55,98.47,0.1543,0.7064,0.4382,5.866,2
食品,晚场,测评型,7037.0,87194.0,24.79,79833,1715.0,634,6384,7,142702.96,107.89,0.2506,0.4838,0.1589,3.717,1
数码,午场,娱乐互动型,9480.0,28112.0,17.9,31592,1184.0,179,3835,7,36753.67,83.75,0.2764,0.8625,0.094,0.741,0
服饰,晚场,娱乐互动型,6611.0,27316.0,11.94,25836,904.0,173,3372,9,74521.5,77.86,0.2513,0.7796,0.1756,0.571,0
食品,午场,测评型,25881.0,95290.0,31.34,132894,6627.0,1238,29240,15,719463.33,118.78,,0.4943,0.3297,7.623,2
食品,午场,娱乐互动型,19919.0,79154.0,31.79,115970,5950.0,1460,47877,14,413958.66,119.73,0.1211,0.473,0.4367,9.512,2
服饰,晚场,福利型,6676.0,23433.0,17.7,40523,1501.0,207,3284,5,47914.54,62.31,0.2906,0.95,0.1303,1.034,0
数码,早场,娱乐互动型,6120.0,25655.0,20.35,32432,1299.0,254,4183,5,151975.75,40.29,0.2804,0.7,0.3228,0.735,0
食品,晚场,测评型,13951.0,60147.0,26.03,97407,1941.0,472,12052,9,216838.74,64.46,0.2793,0.576,0.3142,2.571,1
服饰,晚场,娱乐互动型,5282.0,24074.0,17.29,24891,778.0,100,4535,4,45562.36,74.54,0.2242,,0.1239,2.06,1
美妆,晚场,福利型,19168.0,157878.0,30.95,195087,7718.0,951,26770,14,,102.13,0.1599,0.4109,0.3255,6.659,2
服饰,午场,福利型,,43103.0,22.06,104424,1617.0,950,14042,9,337288.27,49.02,0.2197,0.6893,0.2068,3.087,1
食品,深夜场,娱乐互动型,6360.0,23935.0,8.59,28695,1121.0,208,1773,8,58638.66,40.26,0.3048,0.7058,0.1249,1.333,0
美妆,早场,福利型,46450.0,246959.0,46.17,266645,12967.0,2262,66437,17,1167915.12,147.13,0.03,0.4643,0.6014,15.973,3
食品,早场,娱乐互动型,5344.0,39198.0,17.25,46913,1326.0,237,3150,3,55003.4,68.7,0.2576,,0.1919,0.72,0
服饰,晚场,专业讲解型,14955.0,99619.0,16.17,72400,2422.0,863,11338,8,276846.37,91.64,0.2074,0.6864,0.3744,3.381,1
美妆,晚场,专业讲解型,6392.0,35267.0,15.54,37401,552.0,294,2916,5,79365.15,90.84,0.2552,0.7067,0.1359,0.881,0
食品,深夜场,测评型,10162.0,25919.0,11.58,34490,819.0,248,7566,6,46276.69,69.17,0.2456,0.6773,0.0392,1.716,0
数码,午场,测评型,6004.0,19264.0,8.0,24287,678.0,143,6830,4,88474.16,54.66,0.2685,0.6932,0.1753,0.664,0
食品,晚场,福利型,4981.0,39314.0,17.71,34407,968.0,200,3181,6,61716.27,37.99,0.2132,0.7313,0.2254,1.532,0
食品,深夜场,娱乐互动型,6815.0,27278.0,23.41,30559,375.0,174,5021,6,61558.0,78.78,0.2834,0.8239,0.1048,0.721,0
食品,晚场,娱乐互动型,5450.0,26265.0,13.4,31405,587.0,117,3945,4,113002.22,60.28,0.2793,0.7006,0.1703,1.717,0
食品,早场,福利型,14880.0,58115.0,26.17,82348,1097.0,611,13243,10,208663.35,69.73,0.1918,0.7041,0.3141,4.804,1
服饰,午场,专业讲解型,17834.0,173129.0,35.47,158801,4755.0,1166,10799,11,471533.33,98.58,0.1786,0.6404,0.3843,6.526,2
食品,晚场,测评型,12425.0,63625.0,31.97,38799,1571.0,479,8177,10,282339.85,75.14,0.2105,0.651,0.2716,4.843,1
美妆,晚场,福利型,16027.0,50319.0,18.8,53007,2803.0,607,12342,6,396709.05,65.04,0.2259,0.7284,0.201,4.537,1
美妆,午场,福利型,11967.0,86663.0,27.82,111187,1464.0,825,6501,12,193051.83,28.3,0.2081,0.7123,0.261,4.218,1
服饰,午场,福利型,41168.0,221742.0,41.61,636139,7686.0,3367,61319,14,617631.5,145.21,0.1893,0.4963,0.4119,11.298,3
服饰,午场,福利型,28906.0,92273.0,33.4,278350,4228.0,1075,26211,14,477597.92,122.53,0.1538,0.4437,0.5682,8.603,2
美妆,晚场,福利型,6613.0,27852.0,15.93,39693,978.0,100,7667,5,93983.54,30.19,0.2535,0.7062,0.2976,1.394,0
食品,晚场,娱乐互动型,5717.0,28853.0,21.14,20773,580.0,100,2965,4,43590.24,41.79,0.1995,0.6786,0.276,1.072,0
食品,晚场,测评型,4221.0,23076.0,15.83,47427,1097.0,228,3317,6,68540.98,51.38,0.3413,0.619,0.1612,1.051,0
食品,晚场,测评型,5596.0,29014.0,9.62,43107,1010.0,218,3178,6,55985.77,49.01,0.3454,0.7677,0.085,1.385,0
美妆,晚场,福利型,9697.0,61244.0,26.75,119683,2485.0,363,8829,9,170469.99,70.99,0.2354,0.6321,0.2981,4.595,1
数码,午场,福利型,12865.0,40190.0,18.59,73014,1534.0,533,12782,11,200500.78,67.98,0.1471,0.6656,0.2821,4.065,1
美妆,晚场,专业讲解型,8085.0,24121.0,13.95,33857,609.0,217,4708,3,116604.46,56.84,0.2095,0.7559,0.2025,1.187,0
服饰,午场,测评型,11591.0,41749.0,17.34,125907,2735.0,542,16945,11,228657.88,59.6,0.2806,0.7029,0.2491,3.133,1
食品,晚场,专业讲解型,15789.0,53923.0,24.48,70815,1640.0,360,9972,12,344895.74,82.38,0.2191,0.7275,0.3704,3.672,1
数码,深夜场,专业讲解型,6477.0,37469.0,16.32,16636,990.0,127,3396,7,61108.95,46.21,0.2473,0.7701,0.1472,1.812,0
数码,晚场,福利型,23574.0,95303.0,35.96,79371,4229.0,999,27262,14,840223.75,92.18,0.1905,0.5657,0.2731,9.432,2
服饰,早场,福利型,6134.0,27854.0,14.02,53766,532.0,201,3506,4,75523.89,74.39,0.258,0.8225,0.184,1.172,0
食品,晚场,福利型,40777.0,288952.0,43.94,237255,5806.0,3513,46221,18,1519889.73,122.12,0.0706,0.584,0.5781,11.147,3
数码,晚场,测评型,4650.0,38262.0,12.89,51320,695.0,121,3664,3,73525.53,51.94,0.2989,0.6091,0.2729,0.704,0
服饰,早场,测评型,27894.0,79608.0,34.85,137421,2412.0,717,26046,11,547527.04,72.45,0.0956,0.6598,0.4823,8.352,2
数码,晚场,专业讲解型,55732.0,269400.0,47.38,278760,9098.0,2582,54985,17,1186272.0,145.62,0.0833,0.5141,0.4719,10.79,3
食品,深夜场,专业讲解型,19955.0,236401.0,40.29,551747,7613.0,2552,110692,17,1300269.91,145.7,0.1345,0.4556,0.6178,11.355,3
美妆,早场,福利型,21594.0,108823.0,34.84,326808,3514.0,957,16419,17,534013.13,113.64,0.1231,0.5499,0.4507,6.739,2
服饰,早场,测评型,16108.0,89068.0,28.49,315805,6193.0,1044,26305,11,655432.69,98.16,0.1609,0.5987,0.395,8.335,2
食品,午场,专业讲解型,33299.0,133127.0,35.21,167839,3356.0,1410,27464,10,427930.9,103.51,0.1521,0.6685,0.4484,7.309,2
食品,午场,测评型,16155.0,115343.0,32.05,111549,3560.0,972,29678,13,391632.79,113.44,,0.3204,0.3712,6.643,2
数码,深夜场,娱乐互动型,7372.0,18487.0,16.01,25500,1626.0,200,4263,8,70462.58,39.24,0.2473,0.7996,0.1301,1.881,0
服饰,午场,福利型,17295.0,60620.0,19.38,76545,1068.0,363,14535,13,232106.34,74.34,0.2049,0.5835,0.4448,3.058,1
数码,晚场,测评型,7972.0,57943.0,20.32,82657,1762.0,1498,7438,9,263551.55,75.97,0.2239,0.5764,0.2885,2.558,1
服饰,晚场,娱乐互动型,36802.0,,32.29,137359,4008.0,1163,28186,12,408214.97,83.61,0.1122,0.5312,0.2924,6.636,2
美妆,午场,测评型,12234.0,69790.0,20.8,72943,2172.0,365,8173,11,245285.43,86.83,0.2524,0.5018,0.3883,3.449,1
数码,深夜场,测评型,9590.0,46562.0,24.47,76213,2438.0,262,8829,13,124338.27,71.7,0.1891,0.6869,0.2211,4.488,1
美妆,晚场,娱乐互动型,30902.0,166668.0,36.22,217436,15376.0,1888,28848,11,547482.14,130.67,0.2298,0.6683,0.4728,8.616,2
数码,午场,娱乐互动型,3626.0,27601.0,18.09,55218,1094.0,253,3064,5,38355.44,19.0,0.2959,0.6998,0.2498,0.506,0
美妆,早场,专业讲解型,4570.0,16389.0,16.49,29682,685.0,381,2577,6,45888.05,71.35,0.2804,0.7903,0.1044,0.314,0
食品,晚场,专业讲解型,14848.0,54685.0,24.36,198793,1865.0,836,8285,8,263833.73,83.15,0.1932,0.5952,0.3591,4.073,1
服饰,晚场,福利型,13478.0,63317.0,28.4,125460,1467.0,372,12290,8,210444.26,95.31,0.2466,0.7664,0.1255,3.43,1
服饰,午场,娱乐互动型,4578.0,21072.0,16.09,71154,1867.0,151,4970,7,74444.68,62.18,0.2806,0.895,0.2682,0.3,0
服饰,晚场,测评型,14176.0,90814.0,23.75,91178,1878.0,222,10233,7,140220.26,101.81,0.2376,0.6576,0.2348,3.668,1
食品,深夜场,专业讲解型,8945.0,49819.0,26.47,43165,1764.0,407,10059,7,162439.0,110.63,0.2087,0.6833,0.4396,2.973,1
美妆,午场,娱乐互动型,18116.0,69964.0,24.23,95530,1663.0,568,13992,8,161118.3,71.49,0.2547,0.758,0.2266,3.1,1
服饰,午场,福利型,15161.0,42414.0,21.94,70576,1884.0,1015,6660,5,134688.26,81.17,0.2417,0.695,0.3741,3.276,1
美妆,晚场,娱乐互动型,30412.0,97474.0,32.02,224845,7410.0,692,26257,10,676021.01,118.99,0.2151,0.5072,0.4842,9.825,2
食品,晚场,专业讲解型,16975.0,64153.0,18.16,118236,1182.0,448,10366,10,170570.76,63.68,0.2235,0.7405,0.463,2.723,1
美妆,深夜场,测评型,48043.0,149630.0,40.3,292908,8763.0,2939,70044,17,529147.82,158.1,0.1181,0.5429,0.4934,15.574,3
食品,晚场,娱乐互动型,51844.0,246959.0,39.52,765924,7218.0,2269,72006,14,1806549.12,156.24,0.1515,0.4946,0.5371,14.183,3
服饰,深夜场,专业讲解型,10839.0,61026.0,28.91,96811,2487.0,428,9009,9,135215.32,80.85,0.1829,0.5895,0.3308,2.227,1
美妆,午场,专业讲解型,9475.0,58239.0,28.67,112761,2378.0,991,8382,7,,71.42,0.1376,0.6434,0.2364,4.084,1
食品,早场,娱乐互动型,12975.0,69495.0,19.93,82257,949.0,364,8279,9,129291.94,66.76,0.1771,0.6737,0.3141,4.217,1
服饰,晚场,福利型,35704.0,92312.0,29.52,179497,4294.0,1301,41028,14,400882.88,117.21,0.1924,0.4855,0.4779,6.386,2
数码,晚场,专业讲解型,26332.0,128191.0,31.85,139948,5323.0,1081,27422,13,378113.94,88.9,0.0927,0.5952,0.313,7.82,2
食品,早场,娱乐互动型,14990.0,113141.0,38.68,377182,6986.0,1438,18849,14,454173.22,115.09,0.1479,0.5362,0.4231,7.601,2
服饰,晚场,测评型,8911.0,102735.0,32.96,99409,1132.0,357,12357,11,138928.52,73.76,0.2269,0.7292,0.2525,4.716,1
数码,晚场,测评型,24213.0,150168.0,30.1,133878,6158.0,1274,30417,16,391547.07,95.06,0.1755,0.5049,0.4727,9.461,2
数码,深夜场,娱乐互动型,9922.0,63009.0,24.57,114871,2315.0,513,8349,9,137763.75,106.42,0.267,0.7106,0.3103,2.678,1
服饰,晚场,专业讲解型,25493.0,143711.0,33.88,248494,3374.0,848,41362,14,493997.63,103.07,0.1664,0.5525,0.4478,8.232,2
服饰,晚场,测评型,4047.0,27177.0,20.92,40292,300.0,232,7759,3,130541.01,19.0,0.3028,0.7593,0.03,1.138,0
美妆,早场,测评型,24736.0,103753.0,24.55,229317,7932.0,1689,13762,9,356986.3,76.33,0.1715,0.5815,0.2956,7.237,2
数码,晚场,娱乐互动型,23611.0,83345.0,30.67,207535,5245.0,1460,28113,12,626074.12,123.04,0.1667,0.5754,0.3951,8.748,2
数码,晚场,专业讲解型,7231.0,30897.0,14.78,31202,669.0,100,4747,6,103263.74,45.43,0.3363,0.7296,0.11,1.584,0
美妆,早场,专业讲解型,16147.0,67398.0,19.42,160227,1591.0,433,16631,10,388908.05,80.48,0.2061,0.6111,0.1322,3.484,1
数码,午场,福利型,5531.0,20274.0,16.91,57374,1069.0,220,3254,7,21719.72,61.89,0.36,0.6393,0.1607,0.652,0
美妆,晚场,测评型,28284.0,140966.0,35.19,181058,13086.0,1165,27676,9,468292.42,125.65,0.1233,0.3774,0.4126,6.409,2
食品,午场,专业讲解型,3268.0,29112.0,18.65,18760,1189.0,240,6034,7,81709.99,64.37,0.3004,0.6145,0.0599,0.3,0
美妆,早场,福利型,45997.0,290878.0,47.59,305066,11251.0,2166,56492,18,297229.14,188.4,0.1398,0.4023,0.7042,10.719,3
食品,晚场,测评型,10306.0,29885.0,16.6,53339,981.0,176,5991,11,85712.22,57.1,0.276,0.8648,0.1321,1.488,0
数码,午场,娱乐互动型,36331.0,216944.0,50.08,499428,7521.0,2267,93154,20,989703.14,137.03,,0.3705,0.5814,11.846,3
服饰,晚场,福利型,19942.0,150360.0,30.12,127075,6320.0,1934,23537,12,404540.82,102.3,0.1503,0.4691,0.5614,8.669,2
数码,晚场,福利型,16107.0,61724.0,24.09,88965,2413.0,628,9289,6,223554.28,72.32,0.1538,0.7006,0.3572,3.35,1
服饰,午场,娱乐互动型,15392.0,121157.0,32.81,155829,4651.0,596,34971,11,474212.9,79.32,0.1496,0.5276,0.4091,7.573,2
美妆,午场,娱乐互动型,27492.0,165084.0,34.28,204357,7039.0,1901,31996,10,357549.94,100.05,0.1973,0.5483,0.5009,8.79,2
服饰,晚场,娱乐互动型,37070.0,292891.0,40.57,232454,9359.0,4946,69531,22,1230403.64,189.06,0.1262,0.4518,0.4476,11.014,3
数码,晚场,测评型,9290.0,40983.0,20.53,30832,785.0,175,5395,9,87247.86,90.55,0.3014,0.7412,0.2463,1.038,0
美妆,早场,测评型,15336.0,58373.0,22.13,103988,3233.0,566,12143,9,160484.12,73.08,0.2247,0.7974,0.2608,3.456,1
食品,晚场,福利型,9515.0,46050.0,16.81,49211,871.0,252,4643,6,80488.6,63.13,0.2597,0.7406,0.3166,1.868,0
美妆,午场,福利型,8413.0,56521.0,26.58,120223,2198.0,674,8414,8,178738.48,47.48,0.1794,0.5703,0.3411,2.439,1
服饰,早场,专业讲解型,3630.0,30688.0,8.0,53729,422.0,247,3160,8,199785.36,19.0,0.2943,0.6153,0.2141,0.944,0
美妆,晚场,测评型,16150.0,47649.0,27.97,73656,1101.0,879,10276,12,325689.98,61.63,0.217,0.6697,0.4021,3.561,1
服饰,午场,娱乐互动型,,80365.0,23.01,85128,1698.0,447,6704,7,304114.4,72.28,0.2447,0.4617,0.3255,3.831,1
美妆,午场,专业讲解型,9574.0,34106.0,26.69,92546,1612.0,332,6560,9,316606.98,79.66,0.1716,0.678,0.2757,2.981,1
食品,晚场,娱乐互动型,15120.0,53254.0,17.31,91509,2390.0,295,13155,10,215921.08,60.38,0.1857,0.7421,0.1591,3.99,1
美妆,晚场,娱乐互动型,15360.0,130812.0,34.45,129667,5887.0,1308,21159,14,262043.54,111.24,0.2267,0.6652,0.4412,5.712,2
数码,晚场,专业讲解型,28855.0,110900.0,35.03,379768,4207.0,659,16907,14,554678.9,120.78,0.1513,0.6164,0.3973,9.018,2
食品,晚场,测评型,22656.0,66810.0,25.58,70438,1245.0,439,14935,7,156614.14,78.8,0.2375,0.7914,0.3083,3.89,1
美妆,午场,专业讲解型,8399.0,44232.0,17.67,112287,1992.0,494,4580,13,131625.62,112.93,0.1693,0.595,0.1038,4.31,1
